name,title,character_image
Ferry (SSR),['Ghostly Beast Master'],https://gbf.wiki/images/thumb/f/f0/Npc_zoom_3040073000_01.png/480px-Npc_zoom_3040073000_01.png
Nier (Yukata),['Elegant Flower in Full Bloom'],https://gbf.wiki/images/thumb/b/bc/Npc_zoom_3040546000_01_1.png/480px-Npc_zoom_3040546000_01_1.png
Juri (SSR),['A Step on a Vast and Limitless Path'],https://gbf.wiki/images/thumb/0/03/Npc_zoom_3040509000_01.png/480px-Npc_zoom_3040509000_01.png
Rimuru Tempest,['Rising Star (Newbie)'],https://gbf.wiki/images/thumb/f/f1/Npc_zoom_3040558000_01.png/480px-Npc_zoom_3040558000_01.png
Suzaku Kururugi,['White Knight'],https://gbf.wiki/images/thumb/a/ad/Npc_zoom_3040220000_01.png/480px-Npc_zoom_3040220000_01.png
Jin,['Warrior of the Realized Vow'],https://gbf.wiki/images/thumb/c/c2/Npc_zoom_3040257000_01.png/480px-Npc_zoom_3040257000_01.png
Charioce XVII,['Determined Resolution'],https://gbf.wiki/images/thumb/1/16/Npc_zoom_3040144000_01.png/480px-Npc_zoom_3040144000_01.png
Zeta (Grand),['Crimson Return'],https://gbf.wiki/images/thumb/b/b7/Npc_zoom_3040499000_01.png/480px-Npc_zoom_3040499000_01.png
Lich,"['Gloomy, Wicked, Tricky Maiden']",https://gbf.wiki/images/thumb/6/6f/Npc_zoom_3040357000_01.png/480px-Npc_zoom_3040357000_01.png
Aletheia,['Sage of the Sword'],https://gbf.wiki/images/thumb/d/d1/Npc_zoom_3040002000_01.png/480px-Npc_zoom_3040002000_01.png
Clarisse (Light),['Alchemist of Destruction'],https://gbf.wiki/images/thumb/8/8d/Npc_zoom_3040121000_01.png/480px-Npc_zoom_3040121000_01.png
Fediel,['Black of the Six Dragons'],https://gbf.wiki/images/thumb/e/ec/Npc_zoom_3040376000_01.png/480px-Npc_zoom_3040376000_01.png
Azusa (Summer),['Sea-Dipped Swordswoman'],https://gbf.wiki/images/thumb/7/73/Npc_zoom_3040453000_01.png/480px-Npc_zoom_3040453000_01.png
Narmaya (Holiday),['Thoughtful Swordswoman'],https://gbf.wiki/images/thumb/2/23/Npc_zoom_3040249000_01.png/480px-Npc_zoom_3040249000_01.png
Soriz (SSR),['All-Crushing Fist'],https://gbf.wiki/images/thumb/1/13/Npc_zoom_3040170000_01.png/480px-Npc_zoom_3040170000_01.png
Charlotta (Halloween),['Trick Paladin'],https://gbf.wiki/images/thumb/f/f1/Npc_zoom_3040020000_01.png/480px-Npc_zoom_3040020000_01.png
Mahira,['Guardian of the West'],https://gbf.wiki/images/thumb/3/35/Npc_zoom_3040107000_01.png/480px-Npc_zoom_3040107000_01.png
Monika (Grand),['Liberated Sword Flare'],https://gbf.wiki/images/thumb/0/04/Npc_zoom_3040238000_01.png/480px-Npc_zoom_3040238000_01.png
De La Fille (Summer),['Summer Princess of Seven Gems'],https://gbf.wiki/images/thumb/2/26/Npc_zoom_3040014000_01.png/480px-Npc_zoom_3040014000_01.png
Jeanne d'Arc,['Holy Maiden'],https://gbf.wiki/images/thumb/7/7a/Npc_zoom_3040040000_01.png/480px-Npc_zoom_3040040000_01.png
Zeta,['Crimson Piercing Light'],https://gbf.wiki/images/thumb/e/ef/Npc_zoom_3040028000_01.png/480px-Npc_zoom_3040028000_01.png
Metera (Holiday),['Holy Night Archer'],https://gbf.wiki/images/thumb/a/a3/Npc_zoom_3040195000_01.png/480px-Npc_zoom_3040195000_01.png
Azazel (Halloween),['Emissary from Hell'],https://gbf.wiki/images/thumb/4/47/Npc_zoom_3040300000_01.png/480px-Npc_zoom_3040300000_01.png
Yuel (Summer),['Bonds of Crimson and Azure'],https://gbf.wiki/images/thumb/c/cc/Npc_zoom_3040210000_01.png/480px-Npc_zoom_3040210000_01.png
Mimlemel (Summer),['Sea-Crossing Flautist'],https://gbf.wiki/images/thumb/c/c4/Npc_zoom_3040292000_01.png/480px-Npc_zoom_3040292000_01.png
Christina,['Empress of Gamblers'],https://gbf.wiki/images/thumb/9/95/Npc_zoom_3040018000_01.png/480px-Npc_zoom_3040018000_01.png
Sui,"[""Kuzure's Beloved Daughter""]",https://gbf.wiki/images/thumb/6/65/Npc_zoom_3040531000_01.png/480px-Npc_zoom_3040531000_01.png
Lancelot,['Twinfang Prodigy'],https://gbf.wiki/images/thumb/1/14/Npc_zoom_3040023000_01.png/480px-Npc_zoom_3040023000_01.png
Arulumaya (Light),['Guider of Destiny'],https://gbf.wiki/images/thumb/2/2c/Npc_zoom_3040367000_01.png/480px-Npc_zoom_3040367000_01.png
Yuni (Holiday),['Beloved Child of Holy Night'],https://gbf.wiki/images/thumb/b/bc/Npc_zoom_3040495000_01.png/480px-Npc_zoom_3040495000_01.png
Percival,['Lord of Flames'],https://gbf.wiki/images/thumb/d/d7/Npc_zoom_3040050000_01.png/480px-Npc_zoom_3040050000_01.png
Fenie,['Fragment of the Phoenix'],https://gbf.wiki/images/thumb/8/8f/Npc_zoom_3040519000_01.png/480px-Npc_zoom_3040519000_01.png
Mirin (SSR),['Samurai Heart'],https://gbf.wiki/images/thumb/4/43/Npc_zoom_3040534000_01.png/480px-Npc_zoom_3040534000_01.png
Anne,['Princess Mysteria'],https://gbf.wiki/images/thumb/b/bf/Npc_zoom_3040132000_01.png/480px-Npc_zoom_3040132000_01.png
Yuel and Societte,['Ruby and Lazuli Dancers'],https://gbf.wiki/images/thumb/c/c7/Npc_zoom_3040430000_01.png/480px-Npc_zoom_3040430000_01.png
Magus (Summer),['Demoness in the Tree Shade'],https://gbf.wiki/images/thumb/6/67/Npc_zoom_3040517000_01.png/480px-Npc_zoom_3040517000_01.png
Lancelot (Grand),['Loyal Captain of the Knights'],https://gbf.wiki/images/thumb/e/ea/Npc_zoom_3040374000_01.png/480px-Npc_zoom_3040374000_01.png
Silva (Summer),['Elegance of Sparkling Summer'],https://gbf.wiki/images/thumb/e/e9/Npc_zoom_3040291000_01.png/480px-Npc_zoom_3040291000_01.png
Mugen (Halloween),['Peacekeeper of Happiness'],https://gbf.wiki/images/thumb/9/91/Npc_zoom_3040428000_01.png/480px-Npc_zoom_3040428000_01.png
Rackam (Grand),['Leader of the Blue Skies'],https://gbf.wiki/images/thumb/8/84/Npc_zoom_3040059000_01.png/480px-Npc_zoom_3040059000_01.png
Seruel (Summer),['Elegant Bloodline'],https://gbf.wiki/images/thumb/0/06/Npc_zoom_3040480000_01.png/480px-Npc_zoom_3040480000_01.png
Lecia (SSR),['Relaxing White Wings'],https://gbf.wiki/images/thumb/c/c8/Npc_zoom_3040556000_01.png/480px-Npc_zoom_3040556000_01.png
Anderson,['General of Integrity and Fidelity'],https://gbf.wiki/images/thumb/f/f3/Npc_zoom_3040422000_01.png/480px-Npc_zoom_3040422000_01.png
Vikala (Summer),['Rat-earless Rat in a Swimsuit'],https://gbf.wiki/images/thumb/6/6f/Npc_zoom_3040408000_01.png/480px-Npc_zoom_3040408000_01.png
Lowain (SSR),['Dandylions Blooming in the Tosh'],https://gbf.wiki/images/thumb/f/f2/Npc_zoom_3040500000_01.png/480px-Npc_zoom_3040500000_01.png
Nier,['Grieving Lovers'],https://gbf.wiki/images/thumb/6/66/Npc_zoom_3040169000_01.png/480px-Npc_zoom_3040169000_01.png
Isaac,['Handy-Dandy Engineer'],https://gbf.wiki/images/thumb/0/06/Npc_zoom_3040327000_01.png/480px-Npc_zoom_3040327000_01.png
Gawain (Light),['The Savior of Dalmore'],https://gbf.wiki/images/thumb/2/23/Npc_zoom_3040298000_01.png/480px-Npc_zoom_3040298000_01.png
Eustace (Halloween),['Thunder in the Dark Night'],https://gbf.wiki/images/thumb/5/5a/Npc_zoom_3040099000_01.png/480px-Npc_zoom_3040099000_01.png
Geisenborger,['Raging Chariot'],https://gbf.wiki/images/thumb/f/f1/Npc_zoom_3040162000_01.png/480px-Npc_zoom_3040162000_01.png
Wamdus,['Azure of the Six Dragons'],https://gbf.wiki/images/thumb/b/b9/Npc_zoom_3040419000_01.png/480px-Npc_zoom_3040419000_01.png
Erin (SSR),['Crystalia Pioneer'],https://gbf.wiki/images/thumb/3/3e/Npc_zoom_3040439000_01.png/480px-Npc_zoom_3040439000_01.png
Eustace (Dark),['Thunderwolf in the Dark'],https://gbf.wiki/images/thumb/6/62/Npc_zoom_3040198000_01.png/480px-Npc_zoom_3040198000_01.png
Anila,['Guardian of the South-Southwest'],https://gbf.wiki/images/thumb/a/a5/Npc_zoom_3040027000_01.png/480px-Npc_zoom_3040027000_01.png
Nezha,['Desiring Warrior God'],https://gbf.wiki/images/thumb/c/c7/Npc_zoom_3040332000_01.png/480px-Npc_zoom_3040332000_01.png
Tweyen (Yukata),['Archer of the Eternals in Full Bloom'],https://gbf.wiki/images/thumb/b/b4/Npc_zoom_3040541000_01.png/480px-Npc_zoom_3040541000_01.png
Nezahualpilli,['Eagle Ruler of the Dawn'],https://gbf.wiki/images/thumb/f/fe/Npc_zoom_3040003000_01.png/480px-Npc_zoom_3040003000_01.png
Andira,['Guardian of the West-Southwest'],https://gbf.wiki/images/thumb/7/7a/Npc_zoom_3040071000_01.png/480px-Npc_zoom_3040071000_01.png
Ami,['Cardinal Saint of Qing Emperor'],https://gbf.wiki/images/thumb/4/48/Npc_zoom_3040528000_01.png/480px-Npc_zoom_3040528000_01.png
Cosmos,['Relived Beast of Arbitration'],https://gbf.wiki/images/thumb/7/70/Npc_zoom_3040467000_01.png/480px-Npc_zoom_3040467000_01.png
Cucouroux (Summer),['Sunny Summer Gunsmith'],https://gbf.wiki/images/thumb/1/11/Npc_zoom_3040539000_01.png/480px-Npc_zoom_3040539000_01.png
Aletheia (Dark),['Nostalgic Sage'],https://gbf.wiki/images/thumb/f/fc/Npc_zoom_3040567000_01.png/480px-Npc_zoom_3040567000_01.png
Europa,['Fair Maiden of Mercury'],https://gbf.wiki/images/thumb/e/e9/Npc_zoom_3040190000_01.png/480px-Npc_zoom_3040190000_01.png
Anila (Yukata),['Divine Sheep Clad in Summer Dress'],https://gbf.wiki/images/thumb/4/42/Npc_zoom_3040479000_01.png/480px-Npc_zoom_3040479000_01.png
Lennah (Earth),['In the Garden of Happiness'],https://gbf.wiki/images/thumb/6/6e/Npc_zoom_3040340000_01.png/480px-Npc_zoom_3040340000_01.png
Lucius (SSR),['Tragic Swordsman'],https://gbf.wiki/images/thumb/2/22/Npc_zoom_3040254000_01.png/480px-Npc_zoom_3040254000_01.png
Uruki,['Cardinal Saint of Xuan Emperor'],https://gbf.wiki/images/thumb/4/41/Npc_zoom_3040526000_01.png/480px-Npc_zoom_3040526000_01.png
Societte (Wind),['Thousand-Year Healer'],https://gbf.wiki/images/thumb/2/20/Npc_zoom_3040241000_01.png/480px-Npc_zoom_3040241000_01.png
Satyr,['Amber of Bonds'],https://gbf.wiki/images/thumb/9/98/Npc_zoom_3040280000_01.png/480px-Npc_zoom_3040280000_01.png
Cinnamoroll and Pompompurin,['Cinnamon and Pudding'],https://gbf.wiki/images/thumb/3/35/Npc_zoom_3040457000_01.png/480px-Npc_zoom_3040457000_01.png
Pholia,['Retired Sovereign'],https://gbf.wiki/images/thumb/6/60/Npc_zoom_3040181000_01.png/480px-Npc_zoom_3040181000_01.png
Narmaya (Summer),['Breezy Swordswoman'],https://gbf.wiki/images/thumb/e/ec/Npc_zoom_3040089000_01.png/480px-Npc_zoom_3040089000_01.png
Sabrina,['Swordswoman of Fate'],https://gbf.wiki/images/thumb/f/fe/Npc_zoom_3040514000_01.png/480px-Npc_zoom_3040514000_01.png
Andira (Summer),"[""Celestial Nymph at the Water's Edge""]",https://gbf.wiki/images/thumb/1/17/Npc_zoom_3040330000_01.png/480px-Npc_zoom_3040330000_01.png
Petra (SSR),['Ether of the Wind'],https://gbf.wiki/images/thumb/7/7c/Npc_zoom_3040047000_01.png/480px-Npc_zoom_3040047000_01.png
Ewiyar (Grand),['Emerald of the Six Dragons'],https://gbf.wiki/images/thumb/a/a4/Npc_zoom_3040452000_01.png/480px-Npc_zoom_3040452000_01.png
Hallessena (Summer),['Festive Gourdcrusher'],https://gbf.wiki/images/thumb/8/8d/Npc_zoom_3040540000_01.png/480px-Npc_zoom_3040540000_01.png
Satyr (Halloween),['Red Coral of Trembling Enchantment'],https://gbf.wiki/images/thumb/7/75/Npc_zoom_3040554000_01.png/480px-Npc_zoom_3040554000_01.png
Drusilla (SSR),['Aiming to be an Ideal Lady'],https://gbf.wiki/images/thumb/f/fe/Npc_zoom_3040464000_01.png/480px-Npc_zoom_3040464000_01.png
Azusa,['Disenchanted Sword Devil'],https://gbf.wiki/images/thumb/f/ff/Npc_zoom_3040359000_01.png/480px-Npc_zoom_3040359000_01.png
Olivia,['Fallen Angel of the Key'],https://gbf.wiki/images/thumb/0/0b/Npc_zoom_3040508000_01.png/480px-Npc_zoom_3040508000_01.png
Cucouroux (SSR),['Creative Gunsmith'],https://gbf.wiki/images/thumb/9/9d/Npc_zoom_3040159000_01.png/480px-Npc_zoom_3040159000_01.png
Volenna (SSR),['Lineage of Tenacity'],https://gbf.wiki/images/thumb/7/73/Npc_zoom_3040494000_01.png/480px-Npc_zoom_3040494000_01.png
Romeo,['Lord in Memoriam'],https://gbf.wiki/images/thumb/e/ed/Npc_zoom_3040098000_01.png/480px-Npc_zoom_3040098000_01.png
Yodarha (Wind),['Slate White Devilish Swordsman'],https://gbf.wiki/images/thumb/e/e9/Npc_zoom_3040259000_01.png/480px-Npc_zoom_3040259000_01.png
Elmott (SSR),['Undertaker of Blazing Gratitude'],https://gbf.wiki/images/thumb/2/22/Npc_zoom_3040356000_01.png/480px-Npc_zoom_3040356000_01.png
Pecorine,['Always Hungry'],https://gbf.wiki/images/thumb/6/6a/Npc_zoom_3040200000_01.png/480px-Npc_zoom_3040200000_01.png
Michael,['Primarch of Fire'],https://gbf.wiki/images/thumb/e/e5/Npc_zoom_3040440000_01.png/480px-Npc_zoom_3040440000_01.png
Juliet (Water),['Bride in Pure White'],https://gbf.wiki/images/thumb/9/99/Npc_zoom_3040293000_01.png/480px-Npc_zoom_3040293000_01.png
Percival (Grand),['Flames of Nobility'],https://gbf.wiki/images/thumb/c/c5/Npc_zoom_3040425000_01.png/480px-Npc_zoom_3040425000_01.png
Lucio (Summer),['Awaiting Dawn'],https://gbf.wiki/images/thumb/9/9e/Npc_zoom_3040286000_01.png/480px-Npc_zoom_3040286000_01.png
Anthuria (Holiday),['Dancer of Pure Charm'],https://gbf.wiki/images/thumb/4/48/Npc_zoom_3040369000_01.png/480px-Npc_zoom_3040369000_01.png
Medusa,['Beloved Serpent Eyes'],https://gbf.wiki/images/thumb/e/e9/Npc_zoom_3040214000_01.png/480px-Npc_zoom_3040214000_01.png
Randall (SSR),['Pathfinder of Fierce Whirlwind'],https://gbf.wiki/images/thumb/f/fe/Npc_zoom_3040368000_01.png/480px-Npc_zoom_3040368000_01.png
Sevilbarra (SSR),"[""Life's Guiding Principles""]",https://gbf.wiki/images/thumb/b/bf/Npc_zoom_3040490000_01.png/480px-Npc_zoom_3040490000_01.png
Herja (SSR),['Refined Leader'],https://gbf.wiki/images/thumb/6/6b/Npc_zoom_3040271000_01.png/480px-Npc_zoom_3040271000_01.png
Nami and Robin,['Flowers of the Straw Hat Crew'],https://gbf.wiki/images/thumb/7/7e/Npc_zoom_3040418000_01.png/480px-Npc_zoom_3040418000_01.png
Izmir (Summer),['Fleeting Ice of Midsummer'],https://gbf.wiki/images/thumb/8/86/Npc_zoom_3040126000_01.png/480px-Npc_zoom_3040126000_01.png
Societte,['Thousand-Year Successor'],https://gbf.wiki/images/thumb/e/e1/Npc_zoom_3040044000_01.png/480px-Npc_zoom_3040044000_01.png
Cendrillon,['Reborn Mascot'],https://gbf.wiki/images/thumb/4/43/Npc_zoom_3040445000_01.png/480px-Npc_zoom_3040445000_01.png
Zooey (Grand),"[""Arbitrator's Summer Holiday""]",https://gbf.wiki/images/thumb/f/fa/Npc_zoom_3040092000_01.png/480px-Npc_zoom_3040092000_01.png
Sandalphon,['Twelve Majestic Wings'],https://gbf.wiki/images/thumb/3/3d/Npc_zoom_3040515000_01.png/480px-Npc_zoom_3040515000_01.png
Himiko Toga,['Cute Girl'],https://gbf.wiki/images/thumb/8/82/Npc_zoom_3040506000_01.png/480px-Npc_zoom_3040506000_01.png
Melissabelle,['Long-Haired Princess'],https://gbf.wiki/images/thumb/b/bb/Npc_zoom_3040102000_01.png/480px-Npc_zoom_3040102000_01.png
Yodarha (SSR),['Phantasmagoric Swordsman'],https://gbf.wiki/images/thumb/c/cc/Npc_zoom_3040064000_01.png/480px-Npc_zoom_3040064000_01.png
Jeanne d'Arc (Dark),['Fallen Maiden'],https://gbf.wiki/images/thumb/0/04/Npc_zoom_3040080000_01.png/480px-Npc_zoom_3040080000_01.png
Vania,['Vampire Princess'],https://gbf.wiki/images/thumb/6/61/Npc_zoom_3040057000_01.png/480px-Npc_zoom_3040057000_01.png
Lamretta (SSR),['Purified Nun'],https://gbf.wiki/images/thumb/8/8a/Npc_zoom_3040319000_01.png/480px-Npc_zoom_3040319000_01.png
Yuisis (Fire),['Chivalrous Knight with a Vow'],https://gbf.wiki/images/thumb/0/0a/Npc_zoom_3040253000_01.png/480px-Npc_zoom_3040253000_01.png
Heles (Wind),['Former Princess on Procession'],https://gbf.wiki/images/thumb/2/23/Npc_zoom_3040208000_01.png/480px-Npc_zoom_3040208000_01.png
Yurius,['Sagacious Duke'],https://gbf.wiki/images/thumb/e/e4/Npc_zoom_3040199000_01.png/480px-Npc_zoom_3040199000_01.png
Sturm (Summer),['Mercenary on the Beach'],https://gbf.wiki/images/thumb/c/c2/Npc_zoom_3040415000_01.png/480px-Npc_zoom_3040415000_01.png
Hallessena,['Destruction Catastrophe'],https://gbf.wiki/images/thumb/6/6d/Npc_zoom_3040079000_01.png/480px-Npc_zoom_3040079000_01.png
Yggdrasil,['Guardian of the World Tree'],https://gbf.wiki/images/thumb/1/18/Npc_zoom_3040125000_01.png/480px-Npc_zoom_3040125000_01.png
Ilsa (Light),['Riot Instructor'],https://gbf.wiki/images/thumb/4/4e/Npc_zoom_3040258000_01.png/480px-Npc_zoom_3040258000_01.png
Tweyen,['The Eternals'],https://gbf.wiki/images/thumb/6/6f/Npc_zoom_3040031000_01.png/480px-Npc_zoom_3040031000_01.png
Feather (SSR),['Pathfinder of Blue Thunderpeal'],https://gbf.wiki/images/thumb/e/e4/Npc_zoom_3040304000_01.png/480px-Npc_zoom_3040304000_01.png
Cucouroux (Halloween),"[""Jack-o'-Lantern Illuminating the Night Road""]",https://gbf.wiki/images/thumb/8/83/Npc_zoom_3040361000_01.png/480px-Npc_zoom_3040361000_01.png
New Generations,['Rin Shibuya & Uzuki Shimamura & Mio Honda'],https://gbf.wiki/images/thumb/2/2a/Npc_zoom_3040275000_01.png/480px-Npc_zoom_3040275000_01.png
Shiva,['Unchanging Protector and Punisher'],https://gbf.wiki/images/thumb/4/4b/Npc_zoom_3040196000_01.png/480px-Npc_zoom_3040196000_01.png
Richard (SSR),['Gambler in His Best Suit'],https://gbf.wiki/images/thumb/d/d0/Npc_zoom_3040513000_01.png/480px-Npc_zoom_3040513000_01.png
Sakura Kinomoto,['Cardcaptor'],https://gbf.wiki/images/thumb/f/f8/Npc_zoom_3040136000_01.png/480px-Npc_zoom_3040136000_01.png
Nehan,['Descending All by Fate'],https://gbf.wiki/images/thumb/0/06/Npc_zoom_3040341000_01.png/480px-Npc_zoom_3040341000_01.png
Vania and Malinda,['Indestructible Bond'],https://gbf.wiki/images/thumb/d/db/Npc_zoom_3040264000_01.png/480px-Npc_zoom_3040264000_01.png
Florence,['Graceful Head Sorceress'],https://gbf.wiki/images/thumb/4/4f/Npc_zoom_3040299000_01.png/480px-Npc_zoom_3040299000_01.png
Athena,['Goddess of Defense'],https://gbf.wiki/images/thumb/3/32/Npc_zoom_3040202000_01.png/480px-Npc_zoom_3040202000_01.png
Raziel (Summer),['Archangel of Enigmas on the Sandy Beach'],https://gbf.wiki/images/thumb/4/44/Npc_zoom_3040538000_01.png/480px-Npc_zoom_3040538000_01.png
Zeta (Dark),['Crimson Undercover'],https://gbf.wiki/images/thumb/9/96/Npc_zoom_3040112000_01.png/480px-Npc_zoom_3040112000_01.png
Aoidos,['End of the'],https://gbf.wiki/images/thumb/c/c6/Npc_zoom_3040076000_01.png/480px-Npc_zoom_3040076000_01.png
Enyo (Summer),['The Beast That Tramples Even the Spirit'],https://gbf.wiki/images/thumb/9/9d/Npc_zoom_3040470000_01.png/480px-Npc_zoom_3040470000_01.png
Silva (Yukata),['Magnificent Makeup Powder'],https://gbf.wiki/images/thumb/2/21/Npc_zoom_3040391000_01.png/480px-Npc_zoom_3040391000_01.png
Grimnir,['The Mad Cyclone'],https://gbf.wiki/images/thumb/a/aa/Npc_zoom_3040212000_01.png/480px-Npc_zoom_3040212000_01.png
Zehek (SSR),['Bearer of a Strange Form'],https://gbf.wiki/images/thumb/5/5a/Npc_zoom_3040316000_01.png/480px-Npc_zoom_3040316000_01.png
Noa (Holiday),['Twinkling Guide on a Holy Night'],https://gbf.wiki/images/thumb/9/9a/Npc_zoom_3040498000_01.png/480px-Npc_zoom_3040498000_01.png
Cupitan (Summer),['Pure Heart by the Sea'],https://gbf.wiki/images/thumb/4/44/Npc_zoom_3040468000_01.png/480px-Npc_zoom_3040468000_01.png
Morrigna,['Goddess Triumvirate'],https://gbf.wiki/images/thumb/4/45/Npc_zoom_3040218000_01.png/480px-Npc_zoom_3040218000_01.png
Yaia (SSR),['Successive Little Sister'],https://gbf.wiki/images/thumb/4/4f/Npc_zoom_3040458000_01.png/480px-Npc_zoom_3040458000_01.png
Cidala (Valentine),['Two Equal Parts of Chocolate'],https://gbf.wiki/images/thumb/b/b2/Npc_zoom_3040512000_01.png/480px-Npc_zoom_3040512000_01.png
Catherine,['Violet Smoke Lost in the Night'],https://gbf.wiki/images/thumb/f/f4/Npc_zoom_3040074000_01.png/480px-Npc_zoom_3040074000_01.png
Seofon,['The Eternals'],https://gbf.wiki/images/thumb/2/2e/Npc_zoom_3040036000_01.png/480px-Npc_zoom_3040036000_01.png
Agielba,['Great Blade of Daybreak'],https://gbf.wiki/images/thumb/6/68/Npc_zoom_3040017000_01.png/480px-Npc_zoom_3040017000_01.png
Golden Knight,['The Seven Luminary Knights'],https://gbf.wiki/images/thumb/5/52/Npc_zoom_3040297000_01.png/480px-Npc_zoom_3040297000_01.png
Rei,['Master of the Heart-Discerning Eyes'],https://gbf.wiki/images/thumb/e/eb/Npc_zoom_3040265000_01.png/480px-Npc_zoom_3040265000_01.png
Aqours First-Years,['Aqours'],https://gbf.wiki/images/thumb/a/a4/Npc_zoom_3040184000_01.png/480px-Npc_zoom_3040184000_01.png
Yatima,['Pure Heart of Highest Density'],https://gbf.wiki/images/thumb/1/1d/Npc_zoom_3040566000_01.png/480px-Npc_zoom_3040566000_01.png
Lilisette,['Moonshade Butterfly'],https://gbf.wiki/images/thumb/f/f8/Npc_zoom_3040399000_01.png/480px-Npc_zoom_3040399000_01.png
Ilsa (Yukata),['Moonlight on Glistening White'],https://gbf.wiki/images/thumb/9/97/Npc_zoom_3040456000_01.png/480px-Npc_zoom_3040456000_01.png
Lich (Halloween),"['Performing, Auspicious, Grudgeful Maiden']",https://gbf.wiki/images/thumb/3/30/Npc_zoom_3040427000_01.png/480px-Npc_zoom_3040427000_01.png
Tabina (Summer),['Splendid Young Lady'],https://gbf.wiki/images/thumb/b/b4/Npc_zoom_3040350000_01.png/480px-Npc_zoom_3040350000_01.png
Manamel (Halloween),['Whimsical Cat Maid'],https://gbf.wiki/images/thumb/e/e7/Npc_zoom_3040555000_01.png/480px-Npc_zoom_3040555000_01.png
Mimori Amamiya,['Fairy User Girl'],https://gbf.wiki/images/thumb/2/26/Npc_zoom_3040295000_01.png/480px-Npc_zoom_3040295000_01.png
Aliza,['Pugilist Princess'],https://gbf.wiki/images/thumb/b/b3/Npc_zoom_3040083000_01.png/480px-Npc_zoom_3040083000_01.png
Fraux,['Brilliant Strength'],https://gbf.wiki/images/thumb/6/6a/Npc_zoom_3040161000_01.png/480px-Npc_zoom_3040161000_01.png
Benjamin,['Vicious Three'],https://gbf.wiki/images/thumb/4/48/Npc_zoom_3040366000_01.png/480px-Npc_zoom_3040366000_01.png
Orologia,['Time Dragon'],https://gbf.wiki/images/thumb/0/0c/Npc_zoom_3040536000_01.png/480px-Npc_zoom_3040536000_01.png
Albert (Dark),['Thunderstrike Hero'],https://gbf.wiki/images/thumb/c/c2/Npc_zoom_3040334000_01.png/480px-Npc_zoom_3040334000_01.png
Clarisse (Valentine),['Alchemist Falling in Love'],https://gbf.wiki/images/thumb/4/47/Npc_zoom_3040206000_01.png/480px-Npc_zoom_3040206000_01.png
Horus (Summer),['Light Wings of the Shore'],https://gbf.wiki/images/thumb/a/a8/Npc_zoom_3040518000_01.png/480px-Npc_zoom_3040518000_01.png
Seruel,['Bloodline of a Ruined Kingdom'],https://gbf.wiki/images/thumb/7/7d/Npc_zoom_3040013000_01.png/480px-Npc_zoom_3040013000_01.png
Lily (Wind),['On the Spring Breeze'],https://gbf.wiki/images/thumb/d/d2/Npc_zoom_3040463000_01.png/480px-Npc_zoom_3040463000_01.png
Jasmine (SSR),['Benevolent Herbalist'],https://gbf.wiki/images/thumb/d/d6/Npc_zoom_3040459000_01.png/480px-Npc_zoom_3040459000_01.png
Katsuki Bakugo,['Proud Toughness'],https://gbf.wiki/images/thumb/c/cc/Npc_zoom_3040505000_01.png/480px-Npc_zoom_3040505000_01.png
Sato,['Beautiful Ninja from the Far East'],https://gbf.wiki/images/thumb/6/6b/Npc_zoom_3040533000_01.png/480px-Npc_zoom_3040533000_01.png
Cagliostro,['Founder of Alchemy'],https://gbf.wiki/images/thumb/f/ff/Npc_zoom_3040009000_01.png/480px-Npc_zoom_3040009000_01.png
Caim,['Forgotten Fool'],https://gbf.wiki/images/thumb/d/d3/Npc_zoom_3040164000_01.png/480px-Npc_zoom_3040164000_01.png
Hekate,['Bewitching Goddess of the Underworld'],https://gbf.wiki/images/thumb/8/83/Npc_zoom_3040450000_01.png/480px-Npc_zoom_3040450000_01.png
Feena,['Goblin Crusher'],https://gbf.wiki/images/thumb/d/d6/Npc_zoom_3040061000_01.png/480px-Npc_zoom_3040061000_01.png
Lady Katapillar and Vira,['War Mecha'],https://gbf.wiki/images/thumb/0/09/Npc_zoom_3040116000_01.png/480px-Npc_zoom_3040116000_01.png
Farrah and Juri,['Duo of Ex-Soldiers of the Empire'],https://gbf.wiki/images/thumb/e/ee/Npc_zoom_3040325000_01.png/480px-Npc_zoom_3040325000_01.png
Vaseraga (Fire),['Wicked Ebony Scythe'],https://gbf.wiki/images/thumb/b/b2/Npc_zoom_3040324000_01.png/480px-Npc_zoom_3040324000_01.png
Paris,['Sharp-eyed Count'],https://gbf.wiki/images/thumb/2/2c/Npc_zoom_3040483000_01.png/480px-Npc_zoom_3040483000_01.png
Cantate,['Artisan in Pursuit of a Voice'],https://gbf.wiki/images/thumb/9/95/Npc_zoom_3040461000_01.png/480px-Npc_zoom_3040461000_01.png
Rosamia (Yukata),['Masked Talismancer'],https://gbf.wiki/images/thumb/f/f9/Npc_zoom_3040289000_01.png/480px-Npc_zoom_3040289000_01.png
Percival (Summer),['Blazing Young Noble'],https://gbf.wiki/images/thumb/3/33/Npc_zoom_3040090000_01.png/480px-Npc_zoom_3040090000_01.png
Shion (Summer),['Samurai Cool Blue'],https://gbf.wiki/images/thumb/f/f8/Npc_zoom_3040410000_01.png/480px-Npc_zoom_3040410000_01.png
Sturm,['Unnaive Mercenary'],https://gbf.wiki/images/thumb/9/9b/Npc_zoom_3040268000_01.png/480px-Npc_zoom_3040268000_01.png
Illnott,['King of the Night'],https://gbf.wiki/images/thumb/8/85/Npc_zoom_3040277000_01.png/480px-Npc_zoom_3040277000_01.png
Izuku Midoriya,['Inheritor of One For All'],https://gbf.wiki/images/thumb/1/1c/Npc_zoom_3040504000_01.png/480px-Npc_zoom_3040504000_01.png
Diablo (Collab),['Black-crowned Demon Servant'],https://gbf.wiki/images/thumb/0/0e/Npc_zoom_3040561000_01.png/480px-Npc_zoom_3040561000_01.png
Yuni,['Beloved Child of Arbitration'],https://gbf.wiki/images/thumb/5/51/Npc_zoom_3040390000_01.png/480px-Npc_zoom_3040390000_01.png
Tsubasa,['Mysteria Squad Leader'],https://gbf.wiki/images/thumb/4/4f/Npc_zoom_3040180000_01.png/480px-Npc_zoom_3040180000_01.png
Nobara Kugisaki and Maki Zen'in,['Jujutsu Sorcerers'],https://gbf.wiki/images/thumb/0/02/Npc_zoom_3040477000_01.png/480px-Npc_zoom_3040477000_01.png
Medusa (Promo),['Sorceress of the Serpent Eyes'],https://gbf.wiki/images/thumb/e/e0/Npc_zoom_3040123000_01.png/480px-Npc_zoom_3040123000_01.png
Forte,['Skydrover'],https://gbf.wiki/images/thumb/9/9a/Npc_zoom_3040086000_01.png/480px-Npc_zoom_3040086000_01.png
Yuisis,['Chivalrous Knight Seeking a Rebirth'],https://gbf.wiki/images/thumb/d/d3/Npc_zoom_3040105000_01.png/480px-Npc_zoom_3040105000_01.png
Ippatsu (SSR),['True Ramen'],https://gbf.wiki/images/thumb/c/cf/Npc_zoom_3040382000_01.png/480px-Npc_zoom_3040382000_01.png
Danua (Summer),['Summer Drifter'],https://gbf.wiki/images/thumb/7/7c/Npc_zoom_3040055000_01.png/480px-Npc_zoom_3040055000_01.png
Rosamia (SSR),['Avenger Caged By A Mask'],https://gbf.wiki/images/thumb/f/f6/Npc_zoom_3040087000_01.png/480px-Npc_zoom_3040087000_01.png
Lilele,['Dream Melody'],https://gbf.wiki/images/thumb/3/3b/Npc_zoom_3040066000_01.png/480px-Npc_zoom_3040066000_01.png
Lu Woh,['White of the Six Dragons'],https://gbf.wiki/images/thumb/d/dd/Npc_zoom_3040449000_01.png/480px-Npc_zoom_3040449000_01.png
Tyra,['Troublemaker Tyranno Girl'],https://gbf.wiki/images/thumb/b/b5/Npc_zoom_3040503000_01.png/480px-Npc_zoom_3040503000_01.png
Aglovale (Valentine),['Throne of Charisma'],https://gbf.wiki/images/thumb/2/27/Npc_zoom_3040322000_01.png/480px-Npc_zoom_3040322000_01.png
Mirin (Summer),['Samurai Swimmer'],https://gbf.wiki/images/thumb/7/75/Npc_zoom_3040409000_01.png/480px-Npc_zoom_3040409000_01.png
Clarisse (Summer),['Alchemist of Love'],https://gbf.wiki/images/thumb/e/ee/Npc_zoom_3040413000_01.png/480px-Npc_zoom_3040413000_01.png
Galleon (Summer),['Scorching Summer of Gold'],https://gbf.wiki/images/thumb/5/5c/Npc_zoom_3040544000_01.png/480px-Npc_zoom_3040544000_01.png
You,['Dancer of Kinship'],https://gbf.wiki/images/thumb/4/41/Npc_zoom_3040393000_01.png/480px-Npc_zoom_3040393000_01.png
Silva (Light),['Genius Sharpshooter'],https://gbf.wiki/images/thumb/a/a1/Npc_zoom_3040187000_01.png/480px-Npc_zoom_3040187000_01.png
Gachapin,['Dinosaur Child Brimming with Curiosity'],https://gbf.wiki/images/thumb/7/7b/Npc_zoom_3040248000_01.png/480px-Npc_zoom_3040248000_01.png
Mikazuki Munechika,['Elegant Crescent Moon'],https://gbf.wiki/images/thumb/3/33/Npc_zoom_3040131000_01.png/480px-Npc_zoom_3040131000_01.png
Kolulu (Summer),['Gluttonous Queen'],https://gbf.wiki/images/thumb/4/4d/Npc_zoom_3040283000_01.png/480px-Npc_zoom_3040283000_01.png
Pochacco,['Taking a Walk Down the Path'],https://gbf.wiki/images/thumb/7/71/Npc_zoom_3040522000_01.png/480px-Npc_zoom_3040522000_01.png
Veight (Wind),['Blood Vow'],https://gbf.wiki/images/thumb/0/0b/Npc_zoom_3040532000_01.png/480px-Npc_zoom_3040532000_01.png
Doraemon,['Cat-Type Robot from the 22nd Century'],https://gbf.wiki/images/thumb/5/53/Npc_zoom_3040370000_01.png/480px-Npc_zoom_3040370000_01.png
Joker,['Wild Card'],https://gbf.wiki/images/thumb/4/44/Npc_zoom_3040173000_01.png/480px-Npc_zoom_3040173000_01.png
Lunalu (SSR),['Delusional Girl X'],https://gbf.wiki/images/thumb/4/49/Npc_zoom_3040172000_01.png/480px-Npc_zoom_3040172000_01.png
Teena (Summer),['Smile in the Sun'],https://gbf.wiki/images/thumb/1/1b/Npc_zoom_3040266000_01.png/480px-Npc_zoom_3040266000_01.png
Elea,['Kindly Big Sis'],https://gbf.wiki/images/thumb/e/e1/Npc_zoom_3040403000_01.png/480px-Npc_zoom_3040403000_01.png
Yngwie,['Wild and Tough Legend'],https://gbf.wiki/images/thumb/d/d5/Npc_zoom_3040088000_01.png/480px-Npc_zoom_3040088000_01.png
Shushuku,['Cardinal Saint of Bai Emperor'],https://gbf.wiki/images/thumb/c/c0/Npc_zoom_3040527000_01.png/480px-Npc_zoom_3040527000_01.png
Adam,"[""Erste Kingdom's Prime Minister""]",https://gbf.wiki/images/thumb/9/92/Npc_zoom_3040432000_01.png/480px-Npc_zoom_3040432000_01.png
Drang (Grand),['Azure Mercenary'],https://gbf.wiki/images/thumb/2/2c/Npc_zoom_3040119000_01.png/480px-Npc_zoom_3040119000_01.png
Katalina (Grand),['Guardian Knight of the Blue Sky'],https://gbf.wiki/images/thumb/d/de/Npc_zoom_3040054000_01.png/480px-Npc_zoom_3040054000_01.png
Veldora Tempest,['True Dragon that Governs Storm'],https://gbf.wiki/images/thumb/0/0f/Npc_zoom_3040559000_01.png/480px-Npc_zoom_3040559000_01.png
Beatrix,['The Immortal Ultramarine'],https://gbf.wiki/images/thumb/8/8c/Npc_zoom_3040070000_01.png/480px-Npc_zoom_3040070000_01.png
Shinobu Kocho,['Dancing Butterfly of Poison Sting'],https://gbf.wiki/images/thumb/0/0e/Npc_zoom_3040310000_01.png/480px-Npc_zoom_3040310000_01.png
Florence (Dark),['Splendorous Head Sorceress of the Night Banquet'],https://gbf.wiki/images/thumb/2/22/Npc_zoom_3040552000_01.png/480px-Npc_zoom_3040552000_01.png
Korwa,['Ravishing Designer'],https://gbf.wiki/images/thumb/4/4a/Npc_zoom_3040081000_01.png/480px-Npc_zoom_3040081000_01.png
Metera,['Natural-Born Archer'],https://gbf.wiki/images/thumb/3/38/Npc_zoom_3040012000_01.png/480px-Npc_zoom_3040012000_01.png
Vajra,['Guardian of the West-Northwest'],https://gbf.wiki/images/thumb/d/df/Npc_zoom_3040147000_01.png/480px-Npc_zoom_3040147000_01.png
Siegfried (Yukata),['Elegant Swordsman'],https://gbf.wiki/images/thumb/5/54/Npc_zoom_3040128000_01.png/480px-Npc_zoom_3040128000_01.png
Kaede Takagaki,['Mysterious Sorceress'],https://gbf.wiki/images/thumb/7/7c/Npc_zoom_3040276000_01.png/480px-Npc_zoom_3040276000_01.png
Lelouch Lamperouge,['Leader of the Order of the Black Knights'],https://gbf.wiki/images/thumb/2/27/Npc_zoom_3040219000_01.png/480px-Npc_zoom_3040219000_01.png
Siegfried,['Dragonslayer'],https://gbf.wiki/images/thumb/a/ab/Npc_zoom_3040025000_01.png/480px-Npc_zoom_3040025000_01.png
Kou,['Thousand-Year Speaker'],https://gbf.wiki/images/thumb/d/d0/Npc_zoom_3040242000_01.png/480px-Npc_zoom_3040242000_01.png
Sturm (Grand),['Crimson Mercenary'],https://gbf.wiki/images/thumb/3/3b/Npc_zoom_3040115000_01.png/480px-Npc_zoom_3040115000_01.png
Reinhardtzar (Grand),['Raging Demon of Dawn'],https://gbf.wiki/images/thumb/b/ba/Npc_zoom_3040274000_01.png/480px-Npc_zoom_3040274000_01.png
Fif,['The Eternals'],https://gbf.wiki/images/thumb/3/31/Npc_zoom_3040034000_01.png/480px-Npc_zoom_3040034000_01.png
Kumbhira (Summer),['Golden Wave Divine Boar'],https://gbf.wiki/images/thumb/c/cb/Npc_zoom_3040329000_01.png/480px-Npc_zoom_3040329000_01.png
Shion,['Samurai Beauty'],https://gbf.wiki/images/thumb/c/c9/Npc_zoom_3040333000_01.png/480px-Npc_zoom_3040333000_01.png
Magisa (Summer),['Beachside Witch'],https://gbf.wiki/images/thumb/3/39/Npc_zoom_3040412000_01.png/480px-Npc_zoom_3040412000_01.png
Illnott (Summer),['Naughty Nighttime Invitation'],https://gbf.wiki/images/thumb/8/82/Npc_zoom_3040345000_01.png/480px-Npc_zoom_3040345000_01.png
Tefnut (Summer),['Summertime Beauty'],https://gbf.wiki/images/thumb/9/9b/Npc_zoom_3040537000_01.png/480px-Npc_zoom_3040537000_01.png
Nemone,['As the Clouds Tremor'],https://gbf.wiki/images/thumb/8/88/Npc_zoom_3040085000_01.png/480px-Npc_zoom_3040085000_01.png
Cagliostro (Halloween),['Wonder Alchemist'],https://gbf.wiki/images/thumb/a/a9/Npc_zoom_3040062000_01.png/480px-Npc_zoom_3040062000_01.png
Skull and Balurga,['Obtain Liberty'],https://gbf.wiki/images/thumb/0/0e/Npc_zoom_3040396000_01.png/480px-Npc_zoom_3040396000_01.png
Alexiel (Summer),['Goddess on the Sands'],https://gbf.wiki/images/thumb/9/9f/Npc_zoom_3040232000_01.png/480px-Npc_zoom_3040232000_01.png
Kolulu (Earth),['My Own Fashion'],https://gbf.wiki/images/thumb/4/49/Npc_zoom_3040529000_01.png/480px-Npc_zoom_3040529000_01.png
Lancelot (Wind),['Prodigious Knight'],https://gbf.wiki/images/thumb/9/93/Npc_zoom_3040140000_01.png/480px-Npc_zoom_3040140000_01.png
Levi,['Strongest Soldier of Humanity'],https://gbf.wiki/images/thumb/1/18/Npc_zoom_3040142000_01.png/480px-Npc_zoom_3040142000_01.png
Colossus,['The Iron Giant'],https://gbf.wiki/images/thumb/6/69/Npc_zoom_3040235000_01.png/480px-Npc_zoom_3040235000_01.png
Tiamat,['Guardian of the Wind'],https://gbf.wiki/images/thumb/f/f9/Npc_zoom_3040152000_01.png/480px-Npc_zoom_3040152000_01.png
Fiorito,['Blossoming Muscle'],https://gbf.wiki/images/thumb/2/27/Npc_zoom_3040305000_01.png/480px-Npc_zoom_3040305000_01.png
Levin Sisters,['Reliable Sisters'],https://gbf.wiki/images/thumb/8/81/Npc_zoom_3040193000_01.png/480px-Npc_zoom_3040193000_01.png
Robomi,['Heartful Steel Soldier'],https://gbf.wiki/images/thumb/9/94/Npc_zoom_3040155000_01.png/480px-Npc_zoom_3040155000_01.png
Vira (Summer),['Crimson Knight'],https://gbf.wiki/images/thumb/2/23/Npc_zoom_3040053000_01.png/480px-Npc_zoom_3040053000_01.png
De La Fille,['Princess of Seven Gems'],https://gbf.wiki/images/thumb/1/11/Npc_zoom_3040004000_01.png/480px-Npc_zoom_3040004000_01.png
Marquiares,['Supernal Grand Sage'],https://gbf.wiki/images/thumb/0/09/Npc_zoom_3040108000_01.png/480px-Npc_zoom_3040108000_01.png
Prishe,['Immortal Girl'],https://gbf.wiki/images/thumb/c/cd/Npc_zoom_3040400000_01.png/480px-Npc_zoom_3040400000_01.png
Lobelia,['Magician of Disaster'],https://gbf.wiki/images/thumb/4/4b/Npc_zoom_3040165000_01.png/480px-Npc_zoom_3040165000_01.png
Aqours Third-Years,['Aqours'],https://gbf.wiki/images/thumb/3/37/Npc_zoom_3040185000_01.png/480px-Npc_zoom_3040185000_01.png
Razia,['Heaven-Piercing Cannonlancer'],https://gbf.wiki/images/thumb/4/4f/Npc_zoom_3040109000_01.png/480px-Npc_zoom_3040109000_01.png
Fediel (Summer),['Sunny Summer of Black'],https://gbf.wiki/images/thumb/3/33/Npc_zoom_3040472000_01.png/480px-Npc_zoom_3040472000_01.png
Anne (Light),['Mysteria Battle Summoner'],https://gbf.wiki/images/thumb/d/d7/Npc_zoom_3040524000_01.png/480px-Npc_zoom_3040524000_01.png
Aglovale,['Lord of Frost'],https://gbf.wiki/images/thumb/c/c2/Npc_zoom_3040192000_01.png/480px-Npc_zoom_3040192000_01.png
Gawain,['Armor of Pride'],https://gbf.wiki/images/thumb/3/3d/Npc_zoom_3040000000_01.png/480px-Npc_zoom_3040000000_01.png
Illnott (Holiday),['Holy Night Maniac'],https://gbf.wiki/images/thumb/8/8b/Npc_zoom_3040496000_01.png/480px-Npc_zoom_3040496000_01.png
Olivia (Grand),['Dark Angel'],https://gbf.wiki/images/thumb/b/bb/Npc_zoom_3040145000_01.png/480px-Npc_zoom_3040145000_01.png
Scathacha (Valentine),['Affectionate True Dragon'],https://gbf.wiki/images/thumb/b/b4/Npc_zoom_3040260000_01.png/480px-Npc_zoom_3040260000_01.png
"Special Week, Silence Suzuka, and Tokai Teio",['Swift Foot that Inherits Name and Soul'],https://gbf.wiki/images/thumb/0/03/Npc_zoom_3040353000_01.png/480px-Npc_zoom_3040353000_01.png
Μ's First-Years,"[""μ's""]",https://gbf.wiki/images/thumb/0/06/Npc_zoom_3040229000_01.png/480px-Npc_zoom_3040229000_01.png
Kyojuro Rengoku,['Shining Flame Blade'],https://gbf.wiki/images/thumb/4/4c/Npc_zoom_3040309000_01.png/480px-Npc_zoom_3040309000_01.png
Sophia,['Pious Pilgrim'],https://gbf.wiki/images/thumb/5/5f/Npc_zoom_3040024000_01.png/480px-Npc_zoom_3040024000_01.png
Sophia (Water),['Enlightened Priestess'],https://gbf.wiki/images/thumb/f/f7/Npc_zoom_3040397000_01.png/480px-Npc_zoom_3040397000_01.png
Meg and Mari,['Auguste Girls'],https://gbf.wiki/images/thumb/f/f3/Npc_zoom_3040482000_01.png/480px-Npc_zoom_3040482000_01.png
Cain (Grand),['Prodigy of the Dawn'],https://gbf.wiki/images/thumb/9/9f/Npc_zoom_3040171000_01.png/480px-Npc_zoom_3040171000_01.png
Raziel (Event),['Archangel of Enigmas'],https://gbf.wiki/images/thumb/e/ef/Npc_zoom_3040516000_01.png/480px-Npc_zoom_3040516000_01.png
Yorozuya,['From Walk the Dog to the Peace of the Sky'],https://gbf.wiki/images/thumb/3/30/Npc_zoom_3040363000_01.png/480px-Npc_zoom_3040363000_01.png
Io (Grand),['Blue-Green Magical Girl'],https://gbf.wiki/images/thumb/f/f6/Npc_zoom_3040065000_01.png/480px-Npc_zoom_3040065000_01.png
Amelia,['Young Knight Captain of Integrity'],https://gbf.wiki/images/thumb/2/27/Npc_zoom_3040444000_01.png/480px-Npc_zoom_3040444000_01.png
Sandalphon (Event),['Archangel of Vengeance'],https://gbf.wiki/images/thumb/6/68/Npc_zoom_3040153000_01.png/480px-Npc_zoom_3040153000_01.png
Utsusemi,['Bird of Paradise'],https://gbf.wiki/images/thumb/6/66/Npc_zoom_3040491000_01.png/480px-Npc_zoom_3040491000_01.png
Katalina (Promo),['Erste Empire Lieutenant'],https://gbf.wiki/images/thumb/d/dc/Npc_zoom_3040118000_01.png/480px-Npc_zoom_3040118000_01.png
Albert (Summer),['Burning Hero'],https://gbf.wiki/images/thumb/d/d1/Npc_zoom_3040290000_01.png/480px-Npc_zoom_3040290000_01.png
Erika,['La Fille de LeBlanc'],https://gbf.wiki/images/thumb/8/8c/Npc_zoom_3040421000_01.png/480px-Npc_zoom_3040421000_01.png
Mireille and Risette,['Aspiring Alchemist'],https://gbf.wiki/images/thumb/6/6b/Npc_zoom_3040302000_01.png/480px-Npc_zoom_3040302000_01.png
Siegfried (Light),['Falsely Accused of Regicide'],https://gbf.wiki/images/thumb/b/b7/Npc_zoom_3040485000_01.png/480px-Npc_zoom_3040485000_01.png
Stan and Aliza,['Raging Sandstorm Duo'],https://gbf.wiki/images/thumb/5/5c/Npc_zoom_3040233000_01.png/480px-Npc_zoom_3040233000_01.png
Veight,['Noble Blood'],https://gbf.wiki/images/thumb/5/59/Npc_zoom_3040094000_01.png/480px-Npc_zoom_3040094000_01.png
Monika (Valentine),['Lovely ★ Monika'],https://gbf.wiki/images/thumb/9/9e/Npc_zoom_3040321000_01.png/480px-Npc_zoom_3040321000_01.png
Lily (Holiday),['Holy Night Mission'],https://gbf.wiki/images/thumb/c/ca/Npc_zoom_3040311000_01.png/480px-Npc_zoom_3040311000_01.png
Maria Theresa,['Empress of Righteous Indignation'],https://gbf.wiki/images/thumb/7/7a/Npc_zoom_3040160000_01.png/480px-Npc_zoom_3040160000_01.png
Mirin (Holiday),['Samurai Holiday'],https://gbf.wiki/images/thumb/9/9d/Npc_zoom_3040307000_01.png/480px-Npc_zoom_3040307000_01.png
Vira (Valentine),['Sweet Bond'],https://gbf.wiki/images/thumb/b/bb/Npc_zoom_3040385000_01.png/480px-Npc_zoom_3040385000_01.png
Catura,['Guardian of the North-Northeast'],https://gbf.wiki/images/thumb/a/a3/Npc_zoom_3040313000_01.png/480px-Npc_zoom_3040313000_01.png
Halluel and Malluel,['Archangel Parcel Service'],https://gbf.wiki/images/thumb/8/8f/Npc_zoom_3040443000_01.png/480px-Npc_zoom_3040443000_01.png
Sen (Valentine),['Devoted Catgirl'],https://gbf.wiki/images/thumb/8/82/Npc_zoom_3040448000_01.png/480px-Npc_zoom_3040448000_01.png
Lily,['Hope of the Ice Kingdom'],https://gbf.wiki/images/thumb/e/e6/Npc_zoom_3040007000_01.png/480px-Npc_zoom_3040007000_01.png
Vira (Promo),['Oath-Sworn Evening Gown'],https://gbf.wiki/images/thumb/7/7e/Npc_zoom_3040243000_01.png/480px-Npc_zoom_3040243000_01.png
Zooey,['Awakened Arbitrator'],https://gbf.wiki/images/thumb/9/9d/Npc_zoom_3040150000_01.png/480px-Npc_zoom_3040150000_01.png
Grimnir (Valentine),['Mad Cyclone Bearing Sweets'],https://gbf.wiki/images/thumb/d/dc/Npc_zoom_3040261000_01.png/480px-Npc_zoom_3040261000_01.png
Helel ben Shalem (Holiday),['Inquisitor of the Pure'],https://gbf.wiki/images/thumb/d/d5/Npc_zoom_3040497000_01.png/480px-Npc_zoom_3040497000_01.png
Nehan (Valentine),['Stardust Doctor'],https://gbf.wiki/images/thumb/f/ff/Npc_zoom_3040511000_01.png/480px-Npc_zoom_3040511000_01.png
Clarisse (Holiday),['Holy Night Alchemist'],https://gbf.wiki/images/thumb/5/54/Npc_zoom_3040067000_01.png/480px-Npc_zoom_3040067000_01.png
Ladiva (Valentine),['Love for You'],https://gbf.wiki/images/thumb/d/da/Npc_zoom_3040386000_01.png/480px-Npc_zoom_3040386000_01.png
Cidala,['Guardian of the East-Northeast'],https://gbf.wiki/images/thumb/2/28/Npc_zoom_3040377000_01.png/480px-Npc_zoom_3040377000_01.png
Tikoh (Halloween),['Blood-Covered Nurse'],https://gbf.wiki/images/thumb/b/b9/Npc_zoom_3040487000_01.png/480px-Npc_zoom_3040487000_01.png
Makura,['Guardian of the East'],https://gbf.wiki/images/thumb/d/db/Npc_zoom_3040441000_01.png/480px-Npc_zoom_3040441000_01.png
Threo,['The Eternals'],https://gbf.wiki/images/thumb/0/0c/Npc_zoom_3040032000_01.png/480px-Npc_zoom_3040032000_01.png
Danua (SSR),['Reunited Devil-Conquering Puppeteer'],https://gbf.wiki/images/thumb/5/5f/Npc_zoom_3040256000_01.png/480px-Npc_zoom_3040256000_01.png
Vaseraga (Earth),['Atoning Lion'],https://gbf.wiki/images/thumb/3/3c/Npc_zoom_3040146000_01.png/480px-Npc_zoom_3040146000_01.png
Shinsengumi,['Vice-Commander & 1st Division Captain'],https://gbf.wiki/images/thumb/6/6d/Npc_zoom_3040362000_01.png/480px-Npc_zoom_3040362000_01.png
Hekate (Summer),['Advent of Venus'],https://gbf.wiki/images/thumb/b/b4/Npc_zoom_3040543000_01.png/480px-Npc_zoom_3040543000_01.png
Feower,['The Eternals'],https://gbf.wiki/images/thumb/4/4c/Npc_zoom_3040033000_01.png/480px-Npc_zoom_3040033000_01.png
Juliet,['Holy Princess'],https://gbf.wiki/images/thumb/d/d2/Npc_zoom_3040096000_01.png/480px-Npc_zoom_3040096000_01.png
Lancelot and Vane,['White Dragon Knights'],https://gbf.wiki/images/thumb/b/b9/Npc_zoom_3040191000_01.png/480px-Npc_zoom_3040191000_01.png
Elmott (Yukata),['Creator of Brilliant Flames'],https://gbf.wiki/images/thumb/e/eb/Npc_zoom_3040521000_01.png/480px-Npc_zoom_3040521000_01.png
Cagliostro (Dark),['Alchemist Reborn'],https://gbf.wiki/images/thumb/8/88/Npc_zoom_3040120000_01.png/480px-Npc_zoom_3040120000_01.png
Monika,['Sword Flare of the Blue Sky'],https://gbf.wiki/images/thumb/b/b4/Npc_zoom_3040186000_01.png/480px-Npc_zoom_3040186000_01.png
Feower (Holiday),['Holy Night of Stardust'],https://gbf.wiki/images/thumb/e/e3/Npc_zoom_3040565000_01.png/480px-Npc_zoom_3040565000_01.png
Freezie,['Tsundere Prime Minister'],https://gbf.wiki/images/thumb/d/d2/Npc_zoom_3040182000_01.png/480px-Npc_zoom_3040182000_01.png
Nicholas,['Unbending Steel Warrior'],https://gbf.wiki/images/thumb/a/a6/Npc_zoom_3040156000_01.png/480px-Npc_zoom_3040156000_01.png
Alanaan,['Trailblazer Hierophant'],https://gbf.wiki/images/thumb/f/f9/Npc_zoom_3040167000_01.png/480px-Npc_zoom_3040167000_01.png
Sarunan (Dark),['Forbidden Mage of Withered Life'],https://gbf.wiki/images/thumb/e/e3/Npc_zoom_3040048000_01.png/480px-Npc_zoom_3040048000_01.png
Tikoh (Summer),['Resting Doctor'],https://gbf.wiki/images/thumb/8/8e/Npc_zoom_3040414000_01.png/480px-Npc_zoom_3040414000_01.png
Vikala (Halloween),"[""Divine Rat of All Saints' Night""]",https://gbf.wiki/images/thumb/e/e9/Npc_zoom_3040488000_01.png/480px-Npc_zoom_3040488000_01.png
Altair (Holiday),['Holy Night Strategist'],https://gbf.wiki/images/thumb/d/da/Npc_zoom_3040373000_01.png/480px-Npc_zoom_3040373000_01.png
Anthuria (Yukata),['Dancer of Bewitchment'],https://gbf.wiki/images/thumb/a/a2/Npc_zoom_3040228000_01.png/480px-Npc_zoom_3040228000_01.png
Ayer,['Grey Leopard'],https://gbf.wiki/images/thumb/a/a2/Npc_zoom_3040084000_01.png/480px-Npc_zoom_3040084000_01.png
Zeta (Water),['Crimson Awakened'],https://gbf.wiki/images/thumb/f/f0/Npc_zoom_3040323000_01.png/480px-Npc_zoom_3040323000_01.png
Macula Marius,['Frost Protector'],https://gbf.wiki/images/thumb/4/44/Npc_zoom_3040213000_01.png/480px-Npc_zoom_3040213000_01.png
Predator (SSR),['Requiem of Black Lilies'],https://gbf.wiki/images/thumb/4/40/Npc_zoom_3040278000_01.png/480px-Npc_zoom_3040278000_01.png
De La Fille (Earth),['Luxurious Princess of Seven Gems'],https://gbf.wiki/images/thumb/8/87/Npc_zoom_3040113000_01.png/480px-Npc_zoom_3040113000_01.png
Anthuria,['Dancer of the Sun'],https://gbf.wiki/images/thumb/1/19/Npc_zoom_3040103000_01.png/480px-Npc_zoom_3040103000_01.png
Aliza (Summer),['Blazing Sun Princess'],https://gbf.wiki/images/thumb/6/6d/Npc_zoom_3040474000_01.png/480px-Npc_zoom_3040474000_01.png
Freyr,['Sword of Sorrow and Wrath'],https://gbf.wiki/images/thumb/3/36/Npc_zoom_3040387000_01.png/480px-Npc_zoom_3040387000_01.png
Clarisse,['Incomplete Alchemist'],https://gbf.wiki/images/thumb/9/9a/Npc_zoom_3040046000_01.png/480px-Npc_zoom_3040046000_01.png
Seofon (Event),['Sword Saint in the Sea of Stars'],https://gbf.wiki/images/thumb/8/8a/Npc_zoom_3040451000_01.png/480px-Npc_zoom_3040451000_01.png
Metera (Fire),['Charming Archer'],https://gbf.wiki/images/thumb/a/a4/Npc_zoom_3040072000_01.png/480px-Npc_zoom_3040072000_01.png
Ferry (Grand),['Spirit Maiden'],https://gbf.wiki/images/thumb/e/e1/Npc_zoom_3040209000_01.png/480px-Npc_zoom_3040209000_01.png
Lady Grey (Halloween),['Charming Necromancer'],https://gbf.wiki/images/thumb/b/b4/Npc_zoom_3040189000_01.png/480px-Npc_zoom_3040189000_01.png
Naoise,['Yew Bow Knight'],https://gbf.wiki/images/thumb/b/bb/Npc_zoom_3040281000_01.png/480px-Npc_zoom_3040281000_01.png
Catherine (Wind),['Speeding Night Smoke'],https://gbf.wiki/images/thumb/6/65/Npc_zoom_3040484000_01.png/480px-Npc_zoom_3040484000_01.png
Medusa (Valentine),['Sweet Serpentess'],https://gbf.wiki/images/thumb/0/06/Npc_zoom_3040151000_01.png/480px-Npc_zoom_3040151000_01.png
Helel ben Shalem,['Inquisitor of the Dusk'],https://gbf.wiki/images/thumb/c/cf/Npc_zoom_3040251000_01.png/480px-Npc_zoom_3040251000_01.png
Sandalphon (Earth Grand),['Archangel of Hatred'],https://gbf.wiki/images/thumb/1/1d/Npc_zoom_3040312000_01.png/480px-Npc_zoom_3040312000_01.png
Seox,['The Eternals'],https://gbf.wiki/images/thumb/7/76/Npc_zoom_3040035000_01.png/480px-Npc_zoom_3040035000_01.png
Korwa (Water),['Designer of Pure Beauty'],https://gbf.wiki/images/thumb/0/0b/Npc_zoom_3040465000_01.png/480px-Npc_zoom_3040465000_01.png
Europa (Holiday),['Saintly Lady of Silver'],https://gbf.wiki/images/thumb/9/9c/Npc_zoom_3040434000_01.png/480px-Npc_zoom_3040434000_01.png
Seox (Event),['Condemned Yaksha'],https://gbf.wiki/images/thumb/2/21/Npc_zoom_3040262000_01.png/480px-Npc_zoom_3040262000_01.png
Mary (Holiday),['Present Explorer'],https://gbf.wiki/images/thumb/c/c0/Npc_zoom_3040143000_01.png/480px-Npc_zoom_3040143000_01.png
Abby,['Together with Bobo!'],https://gbf.wiki/images/thumb/3/37/Npc_zoom_3040284000_01.png/480px-Npc_zoom_3040284000_01.png
Ilsa,['Demon Sergeant'],https://gbf.wiki/images/thumb/a/af/Npc_zoom_3040148000_01.png/480px-Npc_zoom_3040148000_01.png
Kumbhira,['Guardian of the North-Northwest'],https://gbf.wiki/images/thumb/f/f3/Npc_zoom_3040197000_01.png/480px-Npc_zoom_3040197000_01.png
Lecia (Water),['White-Winged Defender'],https://gbf.wiki/images/thumb/5/53/Npc_zoom_3040263000_01.png/480px-Npc_zoom_3040263000_01.png
Silva,['Prodigy of Vigor'],https://gbf.wiki/images/thumb/b/bb/Npc_zoom_3040049000_01.png/480px-Npc_zoom_3040049000_01.png
Sara,['Merciful Priestess'],https://gbf.wiki/images/thumb/6/61/Npc_zoom_3040041000_01.png/480px-Npc_zoom_3040041000_01.png
Jeanne d'Arc (Summer),['Seaside Holy Maiden'],https://gbf.wiki/images/thumb/b/b6/Npc_zoom_3040154000_01.png/480px-Npc_zoom_3040154000_01.png
Vira (Wind),['Dress of Peace'],https://gbf.wiki/images/thumb/b/b3/Npc_zoom_3040211000_01.png/480px-Npc_zoom_3040211000_01.png
Galleon,['Gold of the Six Dragons'],https://gbf.wiki/images/thumb/e/e6/Npc_zoom_3040405000_01.png/480px-Npc_zoom_3040405000_01.png
Diantha (Summer),['Five Flowers Blooming by the Sea'],https://gbf.wiki/images/thumb/3/35/Npc_zoom_3040129000_01.png/480px-Npc_zoom_3040129000_01.png
Danua (Halloween),['Pretty Mummy'],https://gbf.wiki/images/thumb/9/9b/Npc_zoom_3040135000_01.png/480px-Npc_zoom_3040135000_01.png
Zeta and Vaseraga (Halloween),['Crimson and Ebony'],https://gbf.wiki/images/thumb/1/16/Npc_zoom_3040239000_01.png/480px-Npc_zoom_3040239000_01.png
Azazel,['Jet Black Rebellion'],https://gbf.wiki/images/thumb/e/e5/Npc_zoom_3040137000_01.png/480px-Npc_zoom_3040137000_01.png
Grea (Summer),['Midsummer Dragoness'],https://gbf.wiki/images/thumb/5/55/Npc_zoom_3040179000_01.png/480px-Npc_zoom_3040179000_01.png
Ragazzo,['A Duet of Regulation and Freedom'],https://gbf.wiki/images/thumb/4/4f/Npc_zoom_3040481000_01.png/480px-Npc_zoom_3040481000_01.png
Cerberus,['Hadean Watchdog'],https://gbf.wiki/images/thumb/9/9e/Npc_zoom_3040016000_01.png/480px-Npc_zoom_3040016000_01.png
Sandalphon (Valentine),['The Bittersweet'],https://gbf.wiki/images/thumb/d/dc/Npc_zoom_3040447000_01.png/480px-Npc_zoom_3040447000_01.png
Florence (Halloween),['Lovely Organizer'],https://gbf.wiki/images/thumb/0/07/Npc_zoom_3040429000_01.png/480px-Npc_zoom_3040429000_01.png
Korwa (Summer),['Designer of Happiness'],https://gbf.wiki/images/thumb/9/9f/Npc_zoom_3040127000_01.png/480px-Npc_zoom_3040127000_01.png
Mahira (Holiday),['Pure White Present'],https://gbf.wiki/images/thumb/f/ff/Npc_zoom_3040372000_01.png/480px-Npc_zoom_3040372000_01.png
Deliford (SSR),['Erste Kingdom Royal Army Spear Instructor'],https://gbf.wiki/images/thumb/1/1c/Npc_zoom_3040507000_01.png/480px-Npc_zoom_3040507000_01.png
Dorothy and Claudia,['Master and'],https://gbf.wiki/images/thumb/9/9a/Npc_zoom_3040134000_01.png/480px-Npc_zoom_3040134000_01.png
Albert,['Thunderswift Lord'],https://gbf.wiki/images/thumb/2/22/Npc_zoom_3040045000_01.png/480px-Npc_zoom_3040045000_01.png
Wilnas (Halloween),['Merciful Warmth of Vermillion'],https://gbf.wiki/images/thumb/3/39/Npc_zoom_3040553000_01.png/480px-Npc_zoom_3040553000_01.png
Orchid,['Dainty White Puppet Girl'],https://gbf.wiki/images/thumb/9/98/Npc_zoom_3040446000_01.png/480px-Npc_zoom_3040446000_01.png
Chichiri,['Cardinal Saint of Zhu Emperor'],https://gbf.wiki/images/thumb/1/15/Npc_zoom_3040525000_01.png/480px-Npc_zoom_3040525000_01.png
Troue,['Absent Visionary'],https://gbf.wiki/images/thumb/f/f1/Npc_zoom_3040336000_01.png/480px-Npc_zoom_3040336000_01.png
Cupitan,['Rainbow-Colored Pure Heart'],https://gbf.wiki/images/thumb/7/76/Npc_zoom_3040379000_01.png/480px-Npc_zoom_3040379000_01.png
Vikala,['Guardian of the North'],https://gbf.wiki/images/thumb/3/3b/Npc_zoom_3040252000_01.png/480px-Npc_zoom_3040252000_01.png
Orchid (Grand),['Puppet Girl'],https://gbf.wiki/images/thumb/c/cb/Npc_zoom_3040111000_01.png/480px-Npc_zoom_3040111000_01.png
Cagliostro (Grand),['Perfect Alchemist'],https://gbf.wiki/images/thumb/5/55/Npc_zoom_3040320000_01.png/480px-Npc_zoom_3040320000_01.png
Katzelia,['Emperor of Conviction'],https://gbf.wiki/images/thumb/1/1a/Npc_zoom_3040166000_01.png/480px-Npc_zoom_3040166000_01.png
Medusa (Summer),['Water Gliding Serpentess'],https://gbf.wiki/images/thumb/1/1d/Npc_zoom_3040389000_01.png/480px-Npc_zoom_3040389000_01.png
Zooey (Holiday),['Holy Night Arbitrator'],https://gbf.wiki/images/thumb/7/72/Npc_zoom_3040564000_01.png/480px-Npc_zoom_3040564000_01.png
Sara (Light),['Priestess of the Dawn'],https://gbf.wiki/images/thumb/5/5e/Npc_zoom_3040236000_01.png/480px-Npc_zoom_3040236000_01.png
Grea (Light),['Descendant Dragoness'],https://gbf.wiki/images/thumb/d/d5/Npc_zoom_3040355000_01.png/480px-Npc_zoom_3040355000_01.png
Meg (Summer),['Very Ordinary Shark Maiden'],https://gbf.wiki/images/thumb/8/86/Npc_zoom_3040346000_01.png/480px-Npc_zoom_3040346000_01.png
Zahlhamelina (Yukata),['Priestess of the Lanterns'],https://gbf.wiki/images/thumb/6/6b/Npc_zoom_3040349000_01.png/480px-Npc_zoom_3040349000_01.png
Milleore and Sahli Lao,['Peerless Pair of Archers'],https://gbf.wiki/images/thumb/6/63/Npc_zoom_3040272000_01.png/480px-Npc_zoom_3040272000_01.png
Altair,['Silver Strategist'],https://gbf.wiki/images/thumb/a/ab/Npc_zoom_3040001000_01.png/480px-Npc_zoom_3040001000_01.png
Ms. Miranda,['Lively Mentor'],https://gbf.wiki/images/thumb/3/38/Npc_zoom_3040339000_01.png/480px-Npc_zoom_3040339000_01.png
Narmaya (Grand),['Fluttering Ideal Swordswoman'],https://gbf.wiki/images/thumb/9/9f/Npc_zoom_3040335000_01.png/480px-Npc_zoom_3040335000_01.png
Eahta,['The Eternals'],https://gbf.wiki/images/thumb/1/1b/Npc_zoom_3040037000_01.png/480px-Npc_zoom_3040037000_01.png
Estarriola,['Hermit of Serenity'],https://gbf.wiki/images/thumb/c/ce/Npc_zoom_3040163000_01.png/480px-Npc_zoom_3040163000_01.png
Eustace,['Thunderwolf of Shattered Ground'],https://gbf.wiki/images/thumb/0/0d/Npc_zoom_3040069000_01.png/480px-Npc_zoom_3040069000_01.png
Shiva (Summer),['Holy Breeze Elegant Nataraja'],https://gbf.wiki/images/thumb/7/7e/Npc_zoom_3040352000_01.png/480px-Npc_zoom_3040352000_01.png
Yggdrasil (Holiday),['Snow-covered Sacred Tree'],https://gbf.wiki/images/thumb/d/de/Npc_zoom_3040563000_01.png/480px-Npc_zoom_3040563000_01.png
Jamil (SSR),['Violet Shadow Dagger'],https://gbf.wiki/images/thumb/7/75/Npc_zoom_3040404000_01.png/480px-Npc_zoom_3040404000_01.png
Haaselia,['Deceitful High Priestess'],https://gbf.wiki/images/thumb/c/ce/Npc_zoom_3040168000_01.png/480px-Npc_zoom_3040168000_01.png
Monika (Summer),['Sword Flare Enjoying a Vacation'],https://gbf.wiki/images/thumb/b/bc/Npc_zoom_3040454000_01.png/480px-Npc_zoom_3040454000_01.png
Ragazzo (Summer),['Unknown Encounter'],https://gbf.wiki/images/thumb/e/e2/Npc_zoom_3040542000_01.png/480px-Npc_zoom_3040542000_01.png
Tanya (SSR),['Over Thousand Nights Dueler'],https://gbf.wiki/images/thumb/1/1d/Npc_zoom_3040203000_01.png/480px-Npc_zoom_3040203000_01.png
Black Knight,['The Seven Luminary Knights'],https://gbf.wiki/images/thumb/0/05/Npc_zoom_3040082000_01.png/480px-Npc_zoom_3040082000_01.png
Aglovale and Tor,['Thawed Blade of Frost'],https://gbf.wiki/images/thumb/f/ff/Npc_zoom_3040426000_01.png/480px-Npc_zoom_3040426000_01.png
Therese (SSR),['Dressed Duelist'],https://gbf.wiki/images/thumb/9/99/Npc_zoom_3040149000_01.png/480px-Npc_zoom_3040149000_01.png
Leona (Grand),['Journeying Guardian Lioness'],https://gbf.wiki/images/thumb/e/ee/Npc_zoom_3040285000_01.png/480px-Npc_zoom_3040285000_01.png
"Tanjiro, Nezuko, Zenitsu, and Inosuke",['Young Demon Slayers'],https://gbf.wiki/images/thumb/a/a1/Npc_zoom_3040308000_01_103.png/480px-Npc_zoom_3040308000_01_103.png
Charlotta,['Small Holy Knight'],https://gbf.wiki/images/thumb/b/b6/Npc_zoom_3040010000_01.png/480px-Npc_zoom_3040010000_01.png
Ilsa (Summer),['Brave Heroine'],https://gbf.wiki/images/thumb/b/b6/Npc_zoom_3040177000_01.png/480px-Npc_zoom_3040177000_01.png
Melleau,['Barbaric Numen'],https://gbf.wiki/images/thumb/0/0b/Npc_zoom_3040022000_01.png/480px-Npc_zoom_3040022000_01.png
Sho,['Reborn King'],https://gbf.wiki/images/thumb/7/79/Npc_zoom_3040338000_01.png/480px-Npc_zoom_3040338000_01.png
Magisa (Holiday),['Holy Night Witch'],https://gbf.wiki/images/thumb/3/32/Npc_zoom_3040247000_01.png/480px-Npc_zoom_3040247000_01.png
Laguna (SSR),['Havoc Dance Spear'],https://gbf.wiki/images/thumb/6/6f/Npc_zoom_3040394000_01.png/480px-Npc_zoom_3040394000_01.png
Melissabelle (Valentine),['Sweet Corn Princess'],https://gbf.wiki/images/thumb/0/04/Npc_zoom_3040207000_01.png/480px-Npc_zoom_3040207000_01.png
Charlotta (Light),['Glorious Captain of the Holy Knights'],https://gbf.wiki/images/thumb/0/09/Npc_zoom_3040194000_01.png/480px-Npc_zoom_3040194000_01.png
Ghandagoza,['Strongest Fists of All Time'],https://gbf.wiki/images/thumb/4/4c/Npc_zoom_3040052000_01.png/480px-Npc_zoom_3040052000_01.png
Rosetta (Grand),['Bewitching Rose of the Blue Sky'],https://gbf.wiki/images/thumb/3/37/Npc_zoom_3040068000_01.png/480px-Npc_zoom_3040068000_01.png
Niyon,['The Eternals'],https://gbf.wiki/images/thumb/1/1c/Npc_zoom_3040038000_01.png/480px-Npc_zoom_3040038000_01.png
Medusa (Grand),['Protective Serpent Eyes'],https://gbf.wiki/images/thumb/6/62/Npc_zoom_3040547000_01.png/480px-Npc_zoom_3040547000_01.png
Rosetta (Holiday),['Protector of the Holy Night'],https://gbf.wiki/images/thumb/5/58/Npc_zoom_3040026000_01.png/480px-Npc_zoom_3040026000_01.png
Yggdrasil (Wind),['Forest Guide'],https://gbf.wiki/images/thumb/3/3a/Npc_zoom_3040380000_01.png/480px-Npc_zoom_3040380000_01.png
Rosetta (Summer),['Seaside Rose'],https://gbf.wiki/images/thumb/c/ca/Npc_zoom_3040176000_01.png/480px-Npc_zoom_3040176000_01.png
Eustace (Summer),"[""Quiet Wolf's Shining Encounter""]",https://gbf.wiki/images/thumb/2/20/Npc_zoom_3040411000_01.png/480px-Npc_zoom_3040411000_01.png
Lilele (Fire),['The Idol Beyond Time and Space'],https://gbf.wiki/images/thumb/4/48/Npc_zoom_3040383000_01.png/480px-Npc_zoom_3040383000_01.png
Cassius (Event SSR),['Returnee from the Moon'],https://gbf.wiki/images/thumb/2/2e/Npc_zoom_3040326000_01.png/480px-Npc_zoom_3040326000_01.png
Jeanne d'Arc (Water Summer),['Fallen Maiden of Lustrous Water'],https://gbf.wiki/images/thumb/3/3d/Npc_zoom_3040420000_01.png/480px-Npc_zoom_3040420000_01.png
Anila (Summer),['Summer-Colored Divine Sheep'],https://gbf.wiki/images/thumb/8/85/Npc_zoom_3040288000_01.png/480px-Npc_zoom_3040288000_01.png
Siegfried (Fire),['Warding Black Dragon'],https://gbf.wiki/images/thumb/7/7d/Npc_zoom_3040237000_01.png/480px-Npc_zoom_3040237000_01.png
Societte (Fire),['Thousand-Year Chaser'],https://gbf.wiki/images/thumb/9/9f/Npc_zoom_3040095000_01.png/480px-Npc_zoom_3040095000_01.png
Anna (SSR),['Emerging Witch'],https://gbf.wiki/images/thumb/5/59/Npc_zoom_3040402000_01.png/480px-Npc_zoom_3040402000_01.png
Siegfried (Summer),['Stalwart Slayer of Sea Creatures'],https://gbf.wiki/images/thumb/0/0d/Npc_zoom_3040344000_01.png/480px-Npc_zoom_3040344000_01.png
Cagliostro (Summer),"[""Alchemist at Water's Edge""]",https://gbf.wiki/images/thumb/a/af/Npc_zoom_3040225000_01.png/480px-Npc_zoom_3040225000_01.png
Kallen Kouzuki,['Crimson Demon'],https://gbf.wiki/images/thumb/b/b8/Npc_zoom_3040221000_01.png/480px-Npc_zoom_3040221000_01.png
Sevastien (SSR),['Loyal Sword of the Shadows'],https://gbf.wiki/images/thumb/b/b2/Npc_zoom_3040548000_01.png/480px-Npc_zoom_3040548000_01.png
Arulumaya,['Oracle Prodigy'],https://gbf.wiki/images/thumb/b/bb/Npc_zoom_3040019000_01.png/480px-Npc_zoom_3040019000_01.png
Sen (SSR),['Matured Catgirl'],https://gbf.wiki/images/thumb/7/71/Npc_zoom_3040204000_01.png/480px-Npc_zoom_3040204000_01.png
Percival (Light),['Formal Young Noble'],https://gbf.wiki/images/thumb/3/36/Npc_zoom_3040279000_01.png/480px-Npc_zoom_3040279000_01.png
Yuel,['Thousand-Year Seeker'],https://gbf.wiki/images/thumb/8/8f/Npc_zoom_3040006000_01.png/480px-Npc_zoom_3040006000_01.png
Ewiyar,['Cat of Emerald'],https://gbf.wiki/images/thumb/d/d2/Npc_zoom_3040378000_01.png/480px-Npc_zoom_3040378000_01.png
Magisa,['Witchcrafter'],https://gbf.wiki/images/thumb/3/3e/Npc_zoom_3040011000_01.png/480px-Npc_zoom_3040011000_01.png
Luffy,['Captain of the Straw Hat Crew'],https://gbf.wiki/images/thumb/c/c8/Npc_zoom_3040416000_01.png/480px-Npc_zoom_3040416000_01.png
Tikoh,['Magic Surgeon'],https://gbf.wiki/images/thumb/2/2c/Npc_zoom_3040337000_01.png/480px-Npc_zoom_3040337000_01.png
Therese (Wind),['Counterattack Duelist'],https://gbf.wiki/images/thumb/6/6b/Npc_zoom_3040433000_01.png/480px-Npc_zoom_3040433000_01.png
Helel ben Shalem (Summer),['Inquisitor of Fascination'],https://gbf.wiki/images/thumb/5/56/Npc_zoom_3040351000_01.png/480px-Npc_zoom_3040351000_01.png
Wulf and Renie,['The Werewolf and Little Girl'],https://gbf.wiki/images/thumb/8/8d/Npc_zoom_3040174000_01_102.png/480px-Npc_zoom_3040174000_01_102.png
Rosetta (Halloween),['Bewitching Rose'],https://gbf.wiki/images/thumb/d/d1/Npc_zoom_3040301000_01.png/480px-Npc_zoom_3040301000_01.png
Carmelina,['Full Moon Acrobat'],https://gbf.wiki/images/thumb/1/1d/Npc_zoom_3040042000_01.png/480px-Npc_zoom_3040042000_01.png
Baal,['Resonance of the'],https://gbf.wiki/images/thumb/f/f2/Npc_zoom_3040215000_01.png/480px-Npc_zoom_3040215000_01.png
Gabriel,['Primarch of Water'],https://gbf.wiki/images/thumb/d/d0/Npc_zoom_3040492000_01.png/480px-Npc_zoom_3040492000_01.png
Hiro Ryugasaki,"[""Blazing Dragon's User""]",https://gbf.wiki/images/thumb/6/60/Npc_zoom_3040294000_01.png/480px-Npc_zoom_3040294000_01.png
Ladiva (SSR),['Legendary Love'],https://gbf.wiki/images/thumb/3/32/Npc_zoom_3040217000_01.png/480px-Npc_zoom_3040217000_01.png
Io (Summer),['Little Lady of Midsummer'],https://gbf.wiki/images/thumb/7/78/Npc_zoom_3040015000_01.png/480px-Npc_zoom_3040015000_01.png
Payila,['Guardian of the East-Southeast'],https://gbf.wiki/images/thumb/7/79/Npc_zoom_3040502000_01.png/480px-Npc_zoom_3040502000_01.png
Grea,['Awakened Dragoness'],https://gbf.wiki/images/thumb/2/22/Npc_zoom_3040130000_01.png/480px-Npc_zoom_3040130000_01.png
Conan Edogawa,['Little Detective'],https://gbf.wiki/images/thumb/b/b7/Npc_zoom_3040157000_01.png/480px-Npc_zoom_3040157000_01.png
Caro,['Neighbor of Lovers of the Arts'],https://gbf.wiki/images/thumb/0/00/Npc_zoom_3040460000_01.png/480px-Npc_zoom_3040460000_01.png
Shura,['Aspiring Tactician'],https://gbf.wiki/images/thumb/3/34/Npc_zoom_3040273000_01.png/480px-Npc_zoom_3040273000_01.png
Fiorito (Holiday),['Holy Night Muscle in Full Bloom'],https://gbf.wiki/images/thumb/2/25/Npc_zoom_3040435000_01.png/480px-Npc_zoom_3040435000_01.png
Nemone (Holiday),['Clouds Tremor Through the Holy Night'],https://gbf.wiki/images/thumb/9/94/Npc_zoom_3040306000_01.png/480px-Npc_zoom_3040306000_01.png
Uriel,['Primarch of Earth'],https://gbf.wiki/images/thumb/a/ad/Npc_zoom_3040501000_01.png/480px-Npc_zoom_3040501000_01.png
Beatrix (Summer),['Shivering Ultramarine Under a Freezing Sky'],https://gbf.wiki/images/thumb/1/1e/Npc_zoom_3040110000_01.png/480px-Npc_zoom_3040110000_01.png
Will (SSR),['Devilish Priest'],https://gbf.wiki/images/thumb/9/9e/Npc_zoom_3040557000_01.png/480px-Npc_zoom_3040557000_01.png
Aqours Second-Years,['Aqours'],https://gbf.wiki/images/thumb/7/76/Npc_zoom_3040183000_01.png/480px-Npc_zoom_3040183000_01.png
Heles,['The Hope of a Ruined Kingdom'],https://gbf.wiki/images/thumb/e/e1/Npc_zoom_3040060000_01.png/480px-Npc_zoom_3040060000_01.png
Dante (Halloween),['Cat Incarnate on a Vivid Night'],https://gbf.wiki/images/thumb/d/db/Npc_zoom_3040489000_01.png/480px-Npc_zoom_3040489000_01.png
Alexiel,['Divine Protector of the Godly Realm'],https://gbf.wiki/images/thumb/9/92/Npc_zoom_3040158000_01.png/480px-Npc_zoom_3040158000_01.png
Jessica (Yukata),['Summertime Gunner'],https://gbf.wiki/images/thumb/8/86/Npc_zoom_3040227000_01.png/480px-Npc_zoom_3040227000_01.png
Vane (Grand),['Indomitable Guardian Knight'],https://gbf.wiki/images/thumb/2/2b/Npc_zoom_3040551000_01.png/480px-Npc_zoom_3040551000_01.png
Vaseraga (Summer),['Ferocious Scythe of Leisure'],https://gbf.wiki/images/thumb/5/56/Npc_zoom_3040471000_01.png/480px-Npc_zoom_3040471000_01.png
Yuji Itadori and Megumi Fushiguro,['Jujutsu Sorcerers'],https://gbf.wiki/images/thumb/c/c7/Npc_zoom_3040476000_01.png/480px-Npc_zoom_3040476000_01.png
Sarunan,['Cursebound Lover'],https://gbf.wiki/images/thumb/7/76/Npc_zoom_3040008000_01.png/480px-Npc_zoom_3040008000_01.png
Mugen,['Steel-Bodied Kid'],https://gbf.wiki/images/thumb/7/75/Npc_zoom_3040267000_01.png/480px-Npc_zoom_3040267000_01.png
Kolulu,['Wandering Girl of Steel'],https://gbf.wiki/images/thumb/4/4f/Npc_zoom_3040222000_01.png/480px-Npc_zoom_3040222000_01.png
Sylph,['Love-Seeking Butterfly Wings'],https://gbf.wiki/images/thumb/9/9c/Npc_zoom_3040388000_01.png/480px-Npc_zoom_3040388000_01.png
Cure Black and Cure White,['Protectors of the Light'],https://gbf.wiki/images/thumb/7/7b/Npc_zoom_3040188000_01_101.png/480px-Npc_zoom_3040188000_01_101.png
Pengy (SSR),"[""Everyone's Hero""]",https://gbf.wiki/images/thumb/f/fe/Npc_zoom_3040282000_81.png/480px-Npc_zoom_3040282000_81.png
Arulumaya (Holiday),['Holy Night Oracle'],https://gbf.wiki/images/thumb/5/55/Npc_zoom_3040104000_01.png/480px-Npc_zoom_3040104000_01.png
Black Knight and Orchis,['Oath of Military Rule'],https://gbf.wiki/images/thumb/3/33/Npc_zoom_3040270000_01.png/480px-Npc_zoom_3040270000_01.png
Lecia (Grand),['Sword of Azure Guidance'],https://gbf.wiki/images/thumb/2/20/Npc_zoom_3040101000_01.png/480px-Npc_zoom_3040101000_01.png
Meteon (Holiday),['Holy Night Comet'],https://gbf.wiki/images/thumb/0/04/Npc_zoom_3040246000_01.png/480px-Npc_zoom_3040246000_01.png
Lennah,['Mage of Flowers'],https://gbf.wiki/images/thumb/d/d9/Npc_zoom_3040021000_01.png/480px-Npc_zoom_3040021000_01.png
Zeta (Summer),['Summer Piercing Light'],https://gbf.wiki/images/thumb/6/60/Npc_zoom_3040056000_01.png/480px-Npc_zoom_3040056000_01.png
Zahlhamelina,['Priestess of the Sun'],https://gbf.wiki/images/thumb/0/0f/Npc_zoom_3040075000_01.png/480px-Npc_zoom_3040075000_01.png
Nectar (Water),['Soaring Heavenly Gate'],https://gbf.wiki/images/thumb/c/c6/Npc_zoom_3040535000_01.png/480px-Npc_zoom_3040535000_01.png
Chloe (SSR),['Girlboss Gal ☆'],https://gbf.wiki/images/thumb/a/aa/Npc_zoom_3040530000_01.png/480px-Npc_zoom_3040530000_01.png
Baotorda (SSR),['Holy Knight of Justice'],https://gbf.wiki/images/thumb/2/21/Npc_zoom_3040124000_01.png/480px-Npc_zoom_3040124000_01.png
Vajra (Summer),['Divine Canine of the Refreshing Sea'],https://gbf.wiki/images/thumb/c/cd/Npc_zoom_3040407000_01.png/480px-Npc_zoom_3040407000_01.png
Barawa and Sarya,['Go For It Barawa Detective Agency'],https://gbf.wiki/images/thumb/b/b6/Npc_zoom_3040493000_01.png/480px-Npc_zoom_3040493000_01.png
Wilnas,['Vermillion of the Six Dragons'],https://gbf.wiki/images/thumb/c/cb/Npc_zoom_3040381000_01.png/480px-Npc_zoom_3040381000_01.png
Nobita,['Kind-Hearted Lazybones'],https://gbf.wiki/images/thumb/b/b5/Npc_zoom_3040371000_01.png/480px-Npc_zoom_3040371000_01.png
Jessica (SSR),['Changing Gunner'],https://gbf.wiki/images/thumb/f/f0/Npc_zoom_3040423000_01.png/480px-Npc_zoom_3040423000_01.png
Selfira,['Dreaming Violinist'],https://gbf.wiki/images/thumb/7/7b/Npc_zoom_3040175000_01.png/480px-Npc_zoom_3040175000_01.png
Metera (Summer),['Beachside Archer'],https://gbf.wiki/images/thumb/a/a0/Npc_zoom_3040347000_01.png/480px-Npc_zoom_3040347000_01.png
Sutera (SSR),['Dashing Archer'],https://gbf.wiki/images/thumb/1/14/Npc_zoom_3040303000_01.png/480px-Npc_zoom_3040303000_01.png
Robertina,['Tubist of Revelation'],https://gbf.wiki/images/thumb/4/45/Npc_zoom_3040510000_01.png/480px-Npc_zoom_3040510000_01.png
Karyl,['Cat-Eared Girl of Many Enigmas'],https://gbf.wiki/images/thumb/9/9b/Npc_zoom_3040216000_01.png/480px-Npc_zoom_3040216000_01.png
Baal (Fire),['Starlight Gig'],https://gbf.wiki/images/thumb/e/e2/Npc_zoom_3040466000_01.png/480px-Npc_zoom_3040466000_01.png
Naoise (Fire),['Dragonian Knight'],https://gbf.wiki/images/thumb/b/b2/Npc_zoom_3040354000_01.png/480px-Npc_zoom_3040354000_01.png
De La Fille (Yukata),['Glamorous Princess of Seven Gems'],https://gbf.wiki/images/thumb/6/6d/Npc_zoom_3040520000_01.png/480px-Npc_zoom_3040520000_01.png
Jeanne d'Arc (Grand),['Pure White Holy Maiden'],https://gbf.wiki/images/thumb/b/ba/Npc_zoom_3040245000_01.png/480px-Npc_zoom_3040245000_01.png
Bobobo-bo Bo-bobo,['OUR HERO!'],https://gbf.wiki/images/thumb/f/ff/Npc_zoom_3040331000_01.png/480px-Npc_zoom_3040331000_01.png
Drang,['Shrewd Mercenary'],https://gbf.wiki/images/thumb/8/87/Npc_zoom_3040269000_01.png/480px-Npc_zoom_3040269000_01.png
Amira (Summer),['Wanderess Playing on the Beach'],https://gbf.wiki/images/thumb/1/10/Npc_zoom_3040287000_01.png/480px-Npc_zoom_3040287000_01.png
Zooey (Promo),['Grand Arbitrator'],https://gbf.wiki/images/thumb/1/19/Npc_zoom_3040078000_01.png/480px-Npc_zoom_3040078000_01.png
Zoro and Sanji,['Wings of the Straw Hat Crew'],https://gbf.wiki/images/thumb/a/a7/Npc_zoom_3040417000_01.png/480px-Npc_zoom_3040417000_01.png
Wamdus (Holiday),['Holy Gifts of the Azure'],https://gbf.wiki/images/thumb/9/94/Npc_zoom_3040562000_01.png/480px-Npc_zoom_3040562000_01.png
Lucio,['Arbiter of Dawn'],https://gbf.wiki/images/thumb/d/d6/Npc_zoom_3040106000_01.png/480px-Npc_zoom_3040106000_01.png
Spinnah (SSR),['Spin Celebrity'],https://gbf.wiki/images/thumb/e/e5/Npc_zoom_3040523000_01.png/480px-Npc_zoom_3040523000_01.png
Tabina,['Devoted Young Lady'],https://gbf.wiki/images/thumb/6/64/Npc_zoom_3040234000_01.png/480px-Npc_zoom_3040234000_01.png
Iroha,['Tenacious Heart'],https://gbf.wiki/images/thumb/2/2e/Npc_zoom_3040398000_01.png/480px-Npc_zoom_3040398000_01.png
Noa (Grand),"[""Airship's Guide""]",https://gbf.wiki/images/thumb/9/90/Npc_zoom_3040255000_01.png/480px-Npc_zoom_3040255000_01.png
Seruel (Holiday),"[""Bloodline's Guardian""]",https://gbf.wiki/images/thumb/2/2a/Npc_zoom_3040250000_01.png/480px-Npc_zoom_3040250000_01.png
Nina Drango,['Crimson Virgin Soul'],https://gbf.wiki/images/thumb/9/95/Npc_zoom_3040133000_01.png/480px-Npc_zoom_3040133000_01.png
Amira,['Girl Fallen from the Sky'],https://gbf.wiki/images/thumb/f/f3/Npc_zoom_3040051000_01.png/480px-Npc_zoom_3040051000_01.png
Eugen (Grand),['Loyalist of Awakened Blue'],https://gbf.wiki/images/thumb/a/ae/Npc_zoom_3040077000_01.png/480px-Npc_zoom_3040077000_01.png
Cain (Holiday),['Holy Night Prodigy'],https://gbf.wiki/images/thumb/a/a6/Npc_zoom_3040436000_01.png/480px-Npc_zoom_3040436000_01.png
Vane (Halloween),['Wan-derful Wolf'],https://gbf.wiki/images/thumb/1/1d/Npc_zoom_3040360000_01.png/480px-Npc_zoom_3040360000_01.png
Charlotta (Grand),['Sworn by Azure Sword and Pride'],https://gbf.wiki/images/thumb/1/16/Npc_zoom_3040438000_01.png/480px-Npc_zoom_3040438000_01.png
Izmir (Yukata),['Ice Skin Dancing in the Heat'],https://gbf.wiki/images/thumb/9/9b/Npc_zoom_3040343000_01.png/480px-Npc_zoom_3040343000_01.png
Vira (SSR),['Love-crazed Flower Armor'],https://gbf.wiki/images/thumb/1/12/Npc_zoom_3040043000_01.png/480px-Npc_zoom_3040043000_01.png
Cassius (Valentine),['Heartful Chocolatier'],https://gbf.wiki/images/thumb/d/db/Npc_zoom_3040384000_01.png/480px-Npc_zoom_3040384000_01.png
Arriet,['Soothing Harpist'],https://gbf.wiki/images/thumb/e/eb/Npc_zoom_3040058000_01.png/480px-Npc_zoom_3040058000_01.png
Yuel (Water),['Thousand-Year Sealer'],https://gbf.wiki/images/thumb/8/8a/Npc_zoom_3040138000_01.png/480px-Npc_zoom_3040138000_01.png
Narmaya (Yukata),['Ritual Swordswoman'],https://gbf.wiki/images/thumb/5/52/Npc_zoom_3040392000_01.png/480px-Npc_zoom_3040392000_01.png
Shion (Collab),['First Secretary'],https://gbf.wiki/images/thumb/3/3f/Npc_zoom_3040560000_01.png/480px-Npc_zoom_3040560000_01.png
Μ's Third-Years,"[""μ's""]",https://gbf.wiki/images/thumb/0/0d/Npc_zoom_3040231000_01.png/480px-Npc_zoom_3040231000_01.png
Yurius (Summer),"['The Sage, Drifting About the Sea']",https://gbf.wiki/images/thumb/1/1a/Npc_zoom_3040473000_01.png/480px-Npc_zoom_3040473000_01.png
Aglovale (Yukata),['Lord of Frost Wrapped in a Cool Breeze'],https://gbf.wiki/images/thumb/f/f5/Npc_zoom_3040545000_01.png/480px-Npc_zoom_3040545000_01.png
Shitori,['Atoning for an Astral'],https://gbf.wiki/images/thumb/9/99/Npc_zoom_3040244000_01.png/480px-Npc_zoom_3040244000_01.png
Beatrix (Earth),['The Eternal Ultramarine'],https://gbf.wiki/images/thumb/2/22/Npc_zoom_3040328000_01.png/480px-Npc_zoom_3040328000_01.png
Manamel,"[""My Sister-Boo's All I Need""]",https://gbf.wiki/images/thumb/3/36/Npc_zoom_3040401000_01.png/480px-Npc_zoom_3040401000_01.png
Vira (Grand),['Double-edged Austerity'],https://gbf.wiki/images/thumb/a/a1/Npc_zoom_3040141000_01.png/480px-Npc_zoom_3040141000_01.png
Vane (SSR),['Indomitable Knight'],https://gbf.wiki/images/thumb/6/66/Npc_zoom_3040117000_01.png/480px-Npc_zoom_3040117000_01.png
Halluel and Malluel (Summer),['Twins on the Beach'],https://gbf.wiki/images/thumb/0/0d/Npc_zoom_3040223000_01.png/480px-Npc_zoom_3040223000_01.png
Catura (Holiday),['Divine Ox of Holy Night'],https://gbf.wiki/images/thumb/4/46/Npc_zoom_3040437000_01.png/480px-Npc_zoom_3040437000_01.png
Diantha,['Five Flowers Singing and Dancing'],https://gbf.wiki/images/thumb/2/29/Npc_zoom_3040296000_01.png/480px-Npc_zoom_3040296000_01.png
Kaguya,['Exquisite Moon Princess'],https://gbf.wiki/images/thumb/1/1c/Npc_zoom_3040486000_01.png/480px-Npc_zoom_3040486000_01.png
Vaseraga,['Ebony Scythe'],https://gbf.wiki/images/thumb/b/b1/Npc_zoom_3040029000_01.png/480px-Npc_zoom_3040029000_01.png
Novei,['Pride-Hidden Melody'],https://gbf.wiki/images/thumb/d/d4/Npc_zoom_3040550000_01.png/480px-Npc_zoom_3040550000_01.png
Icarus,['Warrior Wielding a Magic Sword'],https://gbf.wiki/images/thumb/8/84/Npc_zoom_3040462000_01.png/480px-Npc_zoom_3040462000_01.png
Nicholas (Light),['Steel Warrior of the Heavens'],https://gbf.wiki/images/thumb/6/6f/Npc_zoom_3040315000_01.png/480px-Npc_zoom_3040315000_01.png
Nectar,['Kindled Bond Turn Heaven'],https://gbf.wiki/images/thumb/0/01/Npc_zoom_3040318000_01.png/480px-Npc_zoom_3040318000_01.png
Europa (Summer),['Flowing Beauty'],https://gbf.wiki/images/thumb/0/0e/Npc_zoom_3040226000_01.png/480px-Npc_zoom_3040226000_01.png
Tien,['The Eternals'],https://gbf.wiki/images/thumb/f/f4/Npc_zoom_3040039000_01.png/480px-Npc_zoom_3040039000_01.png
Alliah,['Aside the New King'],https://gbf.wiki/images/thumb/e/ea/Npc_zoom_3040431000_01.png/480px-Npc_zoom_3040431000_01.png
Chat Noir,"[""The Century's Greatest Phantom Thief""]",https://gbf.wiki/images/thumb/7/71/Npc_zoom_3040093000_01.png/480px-Npc_zoom_3040093000_01.png
Gwynne,['Between the Moon and Sky'],https://gbf.wiki/images/thumb/8/85/Npc_zoom_3040406000_01.png/480px-Npc_zoom_3040406000_01.png
Yngwie (Yukata),['Steam and Cold Water Legend'],https://gbf.wiki/images/thumb/6/6a/Npc_zoom_3040342000_01.png/480px-Npc_zoom_3040342000_01.png
Poseidon,['Torrential Tide Father'],https://gbf.wiki/images/thumb/6/6e/Npc_zoom_3040348000_01.png/480px-Npc_zoom_3040348000_01.png
Vania (Yukata),['Young Vampire Princess Bonding with People'],https://gbf.wiki/images/thumb/7/79/Npc_zoom_3040478000_01.png/480px-Npc_zoom_3040478000_01.png
Pholia (Yukata),['Retiree on Leisure'],https://gbf.wiki/images/thumb/2/24/Npc_zoom_3040469000_01.png/480px-Npc_zoom_3040469000_01.png
Arthur,['Awakened Shining Sword'],https://gbf.wiki/images/thumb/d/d3/Npc_zoom_3040358000_01.png/480px-Npc_zoom_3040358000_01.png
Noire,['Black Polar of the Distorted Sky'],https://gbf.wiki/images/thumb/f/f2/Npc_zoom_3040549000_01.png/480px-Npc_zoom_3040549000_01.png
Lady Grey,['Twin Corpse Necromancer'],https://gbf.wiki/images/thumb/3/38/Npc_zoom_3040005000_01.png/480px-Npc_zoom_3040005000_01.png
Izmir,['Glacial Guardian'],https://gbf.wiki/images/thumb/2/2c/Npc_zoom_3040100000_01.png/480px-Npc_zoom_3040100000_01.png
Mishra (SSR),['Beautiful Seeker'],https://gbf.wiki/images/thumb/2/29/Npc_zoom_3040317000_01.png/480px-Npc_zoom_3040317000_01.png
Dante and Freiheit,['Fighting Together'],https://gbf.wiki/images/thumb/0/0b/Npc_zoom_3040205000_01.png/480px-Npc_zoom_3040205000_01.png
Kokkoro,['Little Guide'],https://gbf.wiki/images/thumb/4/40/Npc_zoom_3040201000_01.png/480px-Npc_zoom_3040201000_01.png
Naoise (Summer),['Summer Knight'],https://gbf.wiki/images/thumb/6/63/Npc_zoom_3040178000_01.png/480px-Npc_zoom_3040178000_01.png
Satyr (Earth),['Black Lapis Lazuli of True Love'],https://gbf.wiki/images/thumb/a/ae/Npc_zoom_3040375000_01.png/480px-Npc_zoom_3040375000_01.png
Anre,['The Eternals'],https://gbf.wiki/images/thumb/9/98/Npc_zoom_3040030000_01.png/480px-Npc_zoom_3040030000_01.png
Filene,['Whitefrost Dragon Maiden'],https://gbf.wiki/images/thumb/9/90/Npc_zoom_3040314000_01.png/480px-Npc_zoom_3040314000_01.png
Bowman,['Phantom of Fighting Spirit'],https://gbf.wiki/images/thumb/2/23/Npc_zoom_3040424000_01.png/480px-Npc_zoom_3040424000_01.png
Enyo,['Beast of Destruction and Trampling'],https://gbf.wiki/images/thumb/3/3f/Npc_zoom_3040365000_01.png/480px-Npc_zoom_3040365000_01.png
Nezha (Yukata),['Warrior God of Performative Dance'],https://gbf.wiki/images/thumb/c/c1/Npc_zoom_3040455000_01.png/480px-Npc_zoom_3040455000_01.png
Ultimate Friday,['Pioneer of an Era'],https://gbf.wiki/images/thumb/0/05/Npc_zoom_3040442000_01.png/480px-Npc_zoom_3040442000_01.png
Heles (Summer),['Blooming Beach Noble'],https://gbf.wiki/images/thumb/c/c2/Npc_zoom_3040091000_01.png/480px-Npc_zoom_3040091000_01.png
Scathacha,['Guardian True Dragon'],https://gbf.wiki/images/thumb/f/fb/Npc_zoom_3040122000_01.png/480px-Npc_zoom_3040122000_01.png
Dorothy and Claudia (Summer),['Master of the Beach and'],https://gbf.wiki/images/thumb/d/df/Npc_zoom_3040475000_01.png/480px-Npc_zoom_3040475000_01.png
Lunalu (Light),['Self-Insert Delusional Girl Z'],https://gbf.wiki/images/thumb/b/b2/Npc_zoom_3040364000_01.png/480px-Npc_zoom_3040364000_01.png
Hallessena (Halloween),['Festive Destruction'],https://gbf.wiki/images/thumb/9/97/Npc_zoom_3040240000_01.png/480px-Npc_zoom_3040240000_01.png
Sandalphon (Summer),['Supreme Primarch on the Sandy Beach'],https://gbf.wiki/images/thumb/3/3a/Npc_zoom_3040224000_01.png/480px-Npc_zoom_3040224000_01.png
Μ's Second-Years,"[""μ's""]",https://gbf.wiki/images/thumb/d/d7/Npc_zoom_3040230000_01.png/480px-Npc_zoom_3040230000_01.png
